-- phpMyAdmin SQL Dump
-- version 5.2.1
-- https://www.phpmyadmin.net/
--
-- Máy chủ: 127.0.0.1
-- Thời gian đã tạo: Th3 28, 2024 lúc 01:52 PM
-- Phiên bản máy phục vụ: 10.4.32-MariaDB
-- Phiên bản PHP: 8.2.12

SET SQL_MODE = "NO_AUTO_VALUE_ON_ZERO";
START TRANSACTION;
SET time_zone = "+00:00";


/*!40101 SET @OLD_CHARACTER_SET_CLIENT=@@CHARACTER_SET_CLIENT */;
/*!40101 SET @OLD_CHARACTER_SET_RESULTS=@@CHARACTER_SET_RESULTS */;
/*!40101 SET @OLD_COLLATION_CONNECTION=@@COLLATION_CONNECTION */;
/*!40101 SET NAMES utf8mb4 */;

--
-- Cơ sở dữ liệu: `eng_database`
--

-- --------------------------------------------------------

--
-- Cấu trúc bảng cho bảng `tokenlogin`
--

CREATE TABLE `tokenlogin` (
  `id` int(11) NOT NULL,
  `user_id` int(11) DEFAULT NULL,
  `token` varchar(100) DEFAULT NULL,
  `create_at` datetime DEFAULT NULL
) ENGINE=InnoDB DEFAULT CHARSET=utf8mb4 COLLATE=utf8mb4_general_ci;

--
-- Đang đổ dữ liệu cho bảng `tokenlogin`
--

INSERT INTO `tokenlogin` (`id`, `user_id`, `token`, `create_at`) VALUES
(1, NULL, '4f5c5e95ef76cf032a5f627ddf796132fb7a4650', '2024-03-23 18:00:40'),
(3, 2, 'c5ccb47c92545b43661cea8eb89b324214e5345c', '2024-03-23 18:45:34'),
(4, 2, '657e21678e1f7c6963871861f72bd8a24e18f1fb', '2024-03-23 18:57:42'),
(5, 2, 'acd33871fa199c57f8c024113db71474e320722f', '2024-03-24 12:47:42'),
(6, 2, '03fc88d1e8930d232f412cc9ea1098f05ef9a41a', '2024-03-24 13:10:26'),
(7, 2, '5410f706e78648a43589ec657b9d5b81d12104cf', '2024-03-24 14:33:15'),
(8, 3, 'd79325030ab1587a2fc32e3d94cb9908797229b1', '2024-03-24 15:20:56'),
(9, 2, '760d9fb05ee8ca8a19d3ea945f8a497520eff741', '2024-03-24 15:33:54'),
(10, 4, '91a708dcbbff76ada9c6cb2b33175cb7d72c645d', '2024-03-24 15:37:15'),
(11, 2, '2635cbd59856594c994c89b469cf4981f8a290d5', '2024-03-26 07:14:46'),
(12, 2, 'fa4319d528557f8ac0177d9a3fc1723bcc08b014', '2024-03-27 14:13:54'),
(13, 2, 'f96bb533b8fbc8af23939c15ba2d30d6b2531362', '2024-03-27 14:29:25'),
(14, 2, '5849ce03ef955d7b2fe305aea9ba61472c8f8632', '2024-03-27 14:30:04'),
(15, 2, '24dce2986c1b484ef009420bed8536b4ec64a8ad', '2024-03-27 14:51:15'),
(16, 2, '201b02a196d821925271d3e351e1bf85bd183a40', '2024-03-27 14:52:33'),
(17, 2, 'cf88cac4bacee82daa0afb6ed9dbdf10f38fbdc6', '2024-03-27 14:53:22'),
(18, 2, 'c2bd77a04c28f98ad1a1527994e0452cfaa1688a', '2024-03-27 14:53:53'),
(19, 2, 'c39cb5a8c27c5e4f2420f52d465928c45926baa8', '2024-03-27 18:43:04'),
(20, 2, '1a6958dbd02bac7553931be7a89eb05d65361713', '2024-03-28 11:44:56'),
(21, 2, 'f67cdb44c9a5e2c8c7ac6be3ac06966bfc932bde', '2024-03-28 13:03:23'),
(22, 2, 'ca618dfb98d03c40e98f7c642e212471fbb821a7', '2024-03-28 13:39:38'),
(23, 2, 'c8a357caa604aee54fb9d450d5a7fc55a91db95f', '2024-03-28 13:40:10'),
(24, 2, 'b33ee03ad765f4ab8a5414fc19564e857288e088', '2024-03-28 13:41:08'),
(25, 2, 'c88f833c69f01207828764c3f1c8a54eb4807976', '2024-03-28 13:49:32');

-- --------------------------------------------------------

--
-- Cấu trúc bảng cho bảng `users`
--

CREATE TABLE `users` (
  `id` int(11) NOT NULL,
  `fullname` varchar(100) DEFAULT NULL,
  `email` varchar(100) DEFAULT NULL,
  `phone` varchar(20) DEFAULT NULL,
  `password` varchar(300) DEFAULT NULL,
  `forgotToken` varchar(100) DEFAULT NULL,
  `activeToken` varchar(100) DEFAULT NULL,
  `create_at` datetime DEFAULT NULL,
  `update_at` datetime DEFAULT NULL
) ENGINE=InnoDB DEFAULT CHARSET=utf8mb4 COLLATE=utf8mb4_general_ci;

--
-- Đang đổ dữ liệu cho bảng `users`
--

INSERT INTO `users` (`id`, `fullname`, `email`, `phone`, `password`, `forgotToken`, `activeToken`, `create_at`, `update_at`) VALUES
(1, 'test000', 'test000@gmail.com', '099379473', 'test000', NULL, NULL, NULL, NULL),
(2, 'duong', 'duongb1@gmail.com', '07428730894', '$2y$10$QU4kjBSWc3feEl6EEKbKQu2HcRatj3HCaAoMulTxeYnkYltvlGQom', NULL, '154a069d3811f2d11eea28169c46ef81ff7b0010', '2024-03-23 16:51:09', NULL),
(3, 'duong duong', 'duongb13@gmail.com', '09894739749', '$2y$10$0GeSO1SZqb3lwc0iEZ2Nn.xcTYoZjwIx9LwCMSg1oB2btHBIha3fa', NULL, '5c4ad3d367116aab56fcb2433f764340df73c701', '2024-03-24 15:20:33', NULL),
(4, 'ddduong', 'duongddd@gmail.com', '08347389', '$2y$10$Y3Y9XZSFQpiKC2BZv6zm5eSTqaN6UM3o8Y9NqCPcmPCp6RV2nYNOu', NULL, '152ef4dfb3958de01820fa6aa4d2676e5093b1f1', '2024-03-24 15:36:54', NULL);

-- --------------------------------------------------------

--
-- Cấu trúc bảng cho bảng `voca_lever_1_1500_elimentary`
--

CREATE TABLE `voca_lever_1_1500_elimentary` (
  `stt` int(11) NOT NULL,
  `english` varchar(14) DEFAULT NULL,
  `한국` varchar(9) DEFAULT NULL
) ENGINE=InnoDB DEFAULT CHARSET=utf8 COLLATE=utf8_general_ci;

--
-- Đang đổ dữ liệu cho bảng `voca_lever_1_1500_elimentary`
--

INSERT INTO `voca_lever_1_1500_elimentary` (`stt`, `english`, `한국`) VALUES
(1, 'in', '안에'),
(2, 'do', '무엇하다'),
(3, 'not', '아니다'),
(4, 'of', '무엇의'),
(5, 'say', '말하다'),
(6, 'for', '무엇을위하여'),
(7, 'that', '저 것'),
(8, 'go', '어디에가다'),
(9, 'we', '우리들'),
(10, 'they', '그들은'),
(11, 'my', '나의'),
(12, 'it', '그것'),
(13, 'very', '매우'),
(14, 'at', '에서'),
(15, 'his', '그의'),
(16, 'on', '무엇위에'),
(17, 'when', '무엇할때'),
(18, 'there', '거기에'),
(19, 'this', '이것'),
(20, 'about', '무엇에관하여'),
(21, 'with', '함께'),
(22, 'up', '위에'),
(23, 'can', '할수있다'),
(24, 'all', '모두'),
(25, 'will', '할것이다'),
(26, 'to', '무엇에게'),
(27, 'beautiful', '아름다운'),
(28, 'but', '그러나'),
(29, 'the', '그것'),
(30, 'have', '가지고있다'),
(31, 'her', '그녀의것'),
(32, 'come', '오다'),
(33, 'see', '보다'),
(34, 'bee', '꿀벌'),
(35, 'so', '그래서'),
(36, 'like', '좋아하다'),
(37, 'were', '있었다'),
(38, 'from', '부터'),
(39, 'get', '얻는다'),
(40, 'what', '무엇'),
(41, 'think', '생각하다'),
(42, 'know', '알고있다'),
(43, 'as', '처럼'),
(44, 'want', '원하다'),
(45, 'him', '그를그에게'),
(46, 'then', '그때'),
(47, 'them', '그들을'),
(48, 'look', '본다'),
(49, 'take', '가지고가다'),
(50, 'your', '당신의'),
(51, 'good', '좋은'),
(52, 'ask', '질문하다'),
(53, 'many', '많은'),
(54, 'some', '약간의'),
(55, 'man', '사람남자'),
(56, 'well', '잘하는'),
(57, 'their', '그들의'),
(58, 'find', '발견하다'),
(59, 'other', '다른'),
(60, 'make', '만든다'),
(61, 'tell', '말하다'),
(62, 'how', '어떻게'),
(63, 'out', '밖에'),
(64, 'us', '우리들'),
(65, 'thing', '어떤것'),
(66, 'much', '많이'),
(67, 'if', '만약에'),
(68, 'mother', '어머니'),
(69, 'by', '무엇옆에'),
(70, 'could', '할수있었다'),
(71, 'father', '아버지'),
(72, 'house', '집'),
(73, 'or', '또는'),
(74, 'year', '일년'),
(75, 'work', '일하다'),
(76, 'too', '무엇도역시'),
(77, 'people', '사람'),
(78, 'after', '후에'),
(79, 'here', '여기에'),
(80, 'our', '우리들의'),
(81, 'talk', '말하다'),
(82, 'more', '더많은'),
(83, 'live', '살고있다'),
(84, 'little', '작은'),
(85, 'home', '집'),
(86, 'way', '길방법'),
(87, 'thank', '감사하다'),
(88, 'because', '왜냐하면'),
(89, 'has', '가지고있다'),
(90, 'right', '오른쪽의'),
(91, 'use', '사용하다'),
(92, 'who', '누가'),
(93, 'into', '무엇의안으로'),
(94, 'give', '주다'),
(95, 'back', '뒤쪽'),
(96, 'long', '길게'),
(97, 'help', '도와주다'),
(98, 'country', '나라시골'),
(99, 'learn', '배우다'),
(100, 'again', '또다시'),
(101, 'would', '무엇을할것이다'),
(102, 'begin', '시작하다'),
(103, 'first', '처음의'),
(104, 'speak', '말하다'),
(105, 'only', '단지'),
(106, 'lot', '많음다수'),
(107, 'last', '최후에지난번의'),
(108, 'must', '해야하다'),
(109, 'something', '무언가'),
(110, 'down', '내려가는'),
(111, 'boy', '소년'),
(112, 'try', '노력하다'),
(113, 'play', '놀다연주하다'),
(114, 'walk', '걸어간다'),
(115, 'just', '방금'),
(116, 'never', '결코무엇않다'),
(117, 'morning', '아침'),
(118, 'soon', '곧'),
(119, 'call', '부른다'),
(120, 'hear', '듣다'),
(121, 'write', '쓰다'),
(122, 'answer', '대답하다'),
(123, 'student', '학생'),
(124, 'leave', '떠나다'),
(125, 'big', '큰'),
(126, 'happy', '행복한'),
(127, 'name', '이름'),
(128, 'put', '놓다'),
(129, 'enjoy', '즐기다'),
(130, 'next', '다음의'),
(131, 'why', '왜'),
(132, 'kind', '친절한'),
(133, 'also', '또한'),
(134, 'may', '무엇일지도모른다'),
(135, 'than', '무엇보다도'),
(136, 'book', '책예약하다'),
(137, 'before', '의전에'),
(138, 'apple', '사과'),
(139, 'run', '달린다'),
(140, 'study', '공부하다'),
(141, 'hard', '열심히'),
(142, 'child', '아이'),
(143, 'oneself', '자기자신'),
(144, 'today', '오늘'),
(145, 'young', '젊은'),
(146, 'read', '읽는다'),
(147, 'place', '장소무엇놓다'),
(148, 'understand', '이해하다'),
(149, 'buy', '사다'),
(150, 'family', '가족'),
(151, 'become', '무엇이되다'),
(152, 'always', '항상'),
(153, 'every', '모든'),
(154, 'girl', '소녀'),
(155, 'which', '어느쪽'),
(156, 'really', '정말로'),
(157, 'away', '떨어져서'),
(158, 'visit', '방문하다'),
(159, 'please', '부탁해요'),
(160, 'stay', '머무르다'),
(161, 'small', '작은'),
(162, 'world', '세상'),
(163, 'hope', '바라다'),
(164, 'been', 'be의과거분사형'),
(165, 'start', '출발하다'),
(166, 'sit', '앉아있다'),
(167, 'any', '어떤약간의'),
(168, 'let', '무엇시키다허락하다'),
(169, 'teacher', '선생님'),
(170, 'eat', '먹다'),
(171, 'window', '창'),
(172, 'sure', '확실한'),
(173, 'eye', '눈'),
(174, 'its', '그것의'),
(175, 'almost', '거의'),
(176, 'Sunday', '일요일'),
(177, 'without', '없이'),
(178, 'own', '자신의'),
(179, 'such', '그런'),
(180, 'during', '동안에'),
(181, 'fast', '빠른빨리'),
(182, 'those', '저것들'),
(183, 'river', '강'),
(184, 'perhaps', '아마도'),
(185, 'white', '하얀'),
(186, 'brother', '형'),
(187, 'shout', '소리치다'),
(188, 'example', '예제'),
(189, 'sun', '태양'),
(190, 'off', '떨어져'),
(191, 'thousand', '천'),
(192, 'newspaper', '신문'),
(193, 'land', '육지'),
(194, 'far', '멀리'),
(195, 'both', '양쪽'),
(196, 'busy', '바쁜'),
(197, 'everything', '모든것'),
(198, 'cat', '고양이'),
(199, 'afraid', '두려운'),
(200, 'nothing', '아무것도무엇않다'),
(201, 'someone', '누군가'),
(202, 'bed', '침대'),
(203, 'garden', '정원'),
(204, 'trip', '여행'),
(205, 'quite', '아주꽤'),
(206, 'present', '선물'),
(207, 'uncle', '아저씨'),
(208, 'seem', '처럼보인다'),
(209, 'travel', '여행하다'),
(210, 'cook', '요리하다요리사'),
(211, 'face', '얼굴'),
(212, 'piece', '조각'),
(213, 'cut', '자르다'),
(214, 'wife', '아내'),
(215, 'history', '역사'),
(216, 'light', '빛'),
(217, 'along', '무엇을따라'),
(218, 'flower', '꽃'),
(219, 'sister', '동생'),
(220, 'farm', '농장'),
(221, 'dear', '친애하는'),
(222, 'carry', '운반하다'),
(223, 'outside', '바깥으로'),
(224, 'winter', '겨울'),
(225, 'second', '두번째'),
(226, 'send', '보낸다'),
(227, 'chair', '의자'),
(228, 'tired', '피곤한'),
(229, 'Saturday', '토요일'),
(230, 'brown', '갈색'),
(231, 'foot', '다리'),
(232, 'son', '아들'),
(233, 'worry', '걱정하다'),
(234, 'high', '높은'),
(235, 'shall', '할것이다'),
(236, 'moon', '달'),
(237, 'side', '옆으로'),
(238, 'violin', '바이올린'),
(239, 'breakfast', '아침식사'),
(240, 'between', '의사이에'),
(241, 'front', '앞쪽'),
(242, 'drink', '마신다'),
(243, 'sing', '노래하다'),
(244, 'chance', '기회'),
(245, 'yesterday', '어제'),
(246, 'fire', '불나다'),
(247, 'air', '공기'),
(248, 'star', '별'),
(249, 'sad', '슬픈'),
(250, 'angry', '성난'),
(251, 'ever', '언젠가이제까지'),
(252, 'famous', '유명한'),
(253, 'hot', '뜨거운'),
(254, 'climb', '오르다'),
(255, 'behind', '의뒤에'),
(256, 'egg', '달걀'),
(257, 'card', '카드'),
(258, 'math', '수학'),
(259, 'free', '여유로운무료의'),
(260, 'twenty', '20'),
(261, 'milk', '우유'),
(262, 'test', '테스트'),
(263, 'pretty', '예쁜'),
(264, 'pay', '지불하다'),
(265, 'pencil', '연필'),
(266, 'ring', '울리다'),
(267, 'color', '색깔'),
(268, 'news', '뉴스'),
(269, 'hill', '언덕'),
(270, 'bread', '빵'),
(271, 'else', '그밖에'),
(272, 'nose', '코'),
(273, 'cover', '덮개덮다'),
(274, 'hit', '치다'),
(275, 'Indian', '인도(사람의'),
(276, 'TRUE', '진실한'),
(277, 'husband', '남편'),
(278, 'desk', '책상'),
(279, 'black', '검은'),
(280, 'song', '노래'),
(281, 'wrong', '틀린나쁜'),
(282, 'mistake', '실수하다'),
(283, 'restaurant', '레스토랑'),
(284, 'carefully', '조심스럽게'),
(285, 'yet', '아직'),
(286, 'everybody', '모두'),
(287, 'horse', '말'),
(288, 'boat', '보트'),
(289, 'rich', '부유한'),
(290, 'kitchen', '부엌'),
(291, 'round', '둥근'),
(292, 'Monday', '월요일'),
(293, 'daughter', '딸'),
(294, 'homework', '숙제'),
(295, 'bank', '은행'),
(296, 'dance', '춤춘다'),
(297, 'album', '앨범'),
(298, 'lion', '사자'),
(299, 'body', '몸'),
(300, 'glass', '컵(유리'),
(301, 'third', '세번째'),
(302, 'airport', '공항'),
(303, 'player', '선수'),
(304, 'cave', '동굴'),
(305, 'hurry', '서두른다'),
(306, 'hospital', '병원'),
(307, 'doctor', '박사님'),
(308, 'company', '회사친구'),
(309, 'rest', '휴식쉬다'),
(310, 'football', '축구'),
(311, 'lesson', '수업'),
(312, 'dream', '꿈꾸다'),
(313, 'summer', '여름'),
(314, 'dead', '죽은'),
(315, 'either', '어느한쪽'),
(316, 'whose', '누구의'),
(317, 'plan', '계획'),
(318, 'sail', '돛항해하다'),
(319, 'careful', '조심스러운'),
(320, 'excuse', '용서하다변명'),
(321, 'follow', '따라간다'),
(322, 'touch', '감동시키다접촉'),
(323, 'speech', '연설'),
(324, 'toward', '의쪽으로'),
(325, 'corner', '모퉁이'),
(326, 'plant', '심다식물'),
(327, 'maybe', '추측하다'),
(328, 'special', '특별한'),
(329, 'useful', '유용한'),
(330, 'crowd', '군중'),
(331, 'rock', '바위'),
(332, 'reason', '이유'),
(333, 'science', '과학'),
(334, 'museum', '박물관'),
(335, 'wonder', '의아해하다놀람'),
(336, 'dinner', '저녁식사'),
(337, 'around', '의주위에'),
(338, 'over', '위에'),
(339, 'nice', '멋진'),
(340, 'letter', '편지'),
(341, 'night', '밤'),
(342, 'another', '또다른'),
(343, 'bedroom', '침실'),
(344, 'same', '같은'),
(345, 'woman', '여성'),
(346, 'where', '어디에서'),
(347, 'near', '가까이'),
(348, 'these', '이것들'),
(349, 'week', '주'),
(350, 'few', '아주조금의'),
(351, 'often', '종종'),
(352, 'room', '방'),
(353, 'bell', '종방울'),
(354, 'train', '열차'),
(355, 'life', '생활인생'),
(356, 'city', '도시'),
(357, 'each', '각각의'),
(358, 'sixth', '여섯번째의'),
(359, 'hour', '시간'),
(360, 'most', '가장많은대개의'),
(361, 'fourteen', '열넷'),
(362, 'poster', '벽보'),
(363, 'sometimes', '때때로'),
(364, 'meet', '만난다'),
(365, 'watch', '보다'),
(366, 'inch', '인치'),
(367, 'smile', '미소짓다'),
(368, 'should', '해야하다'),
(369, 'better', '더나은'),
(370, 'does', '무엇을하다'),
(371, 'food', '음식'),
(372, 'month', '달'),
(373, 'class', '학급수업'),
(374, 'later', '나중에'),
(375, 'fish', '물고기'),
(376, 'cry', '소리내어울다'),
(377, 'hand', '손'),
(378, 'great', '큰'),
(379, 'ago', '무엇전에'),
(380, 'bus', '버스'),
(381, 'fourth', '네째의'),
(382, 'town', '도시'),
(383, 'still', '아직'),
(384, 'feel', '느낀다'),
(385, 'move', '움직이다'),
(386, 'wait', '기다린다'),
(387, 'love', '사랑하다'),
(388, 'road', '도로'),
(389, 'Mrs.', '여성아줌마'),
(390, 'interesting', '흥미있는'),
(391, 'glove', '장갑'),
(392, 'seventy', '칠십'),
(393, 'cream', '크림'),
(394, 'mask', '가면'),
(395, 'mean', '의미하다'),
(396, 'runner', '주자'),
(397, 'pool', '수영장물웅덩이'),
(398, 'shop', '가게'),
(399, 'show', '보이다아내하다'),
(400, 'animal', '동물'),
(401, 'fly', '날다파리'),
(402, 'question', '질문'),
(403, 'game', '게임'),
(404, 'bring', '가져오다'),
(405, 'minute', '분'),
(406, 'anything', '어떤것'),
(407, 'lunch', '점심'),
(408, 'through', '통해서'),
(409, 'low', '낮은'),
(410, 'fine', '좋은'),
(411, 'grandmother', '할머니'),
(412, 'evening', '저녁식사'),
(413, 'water', '물'),
(414, 'afternoon', '오후'),
(415, 'stand', '서있다'),
(416, 'need', '필요하다'),
(417, 'listen', '귀를기울인다'),
(418, 'part', '부분'),
(419, 'together', '다같이'),
(420, 'story', '이야기'),
(421, 'course', '과정'),
(422, 'even', '심지어'),
(423, 'hello', '안녕하세요'),
(424, 'station', '역'),
(425, 'ours', '우리들의것'),
(426, 'interest', '흥미를갖게하다관심'),
(427, 'park', '공원'),
(428, 'bird', '새'),
(429, 'parent', '부모님'),
(430, 'glad', '기쁜'),
(431, 'remember', '기억하다'),
(432, 'turn', '회전하다'),
(433, 'arrive', '도착하다'),
(434, 'enough', '충분한'),
(435, 'doctor', '박사의사'),
(436, 'fall', '떨어진다'),
(437, 'street', '거리'),
(438, 'leader', '지도자'),
(439, 'able', '무엇할수있는'),
(440, 'usually', '대개'),
(441, 'catch', '잡는다'),
(442, 'keep', '지킨다'),
(443, 'eleventh', '열한번째의'),
(444, 'spring', '봄'),
(445, 'while', '동안에'),
(446, 'American', '미국인'),
(447, 'idea', '생각'),
(448, 'forget', '잊어버리다'),
(449, 'sleep', '자다'),
(450, 'tomorrow', '내일'),
(451, 'America', '미국'),
(452, 'sorry', '미안한'),
(453, 'bad', '나쁜'),
(454, 'eighty', '팔십'),
(455, 'job', '일직업'),
(456, 'sea', '바다'),
(457, 'door', '문'),
(458, 'open', '열다'),
(459, 'paper', '종이신문'),
(460, 'cold', '추운'),
(461, 'Miss', '무엇선생님'),
(462, 'large', '큰'),
(463, 'laugh', '웃다'),
(464, 'ninety', '구십'),
(465, 'plane', '비행기'),
(466, 'once', '한때한번'),
(467, 'party', '파티'),
(468, 'early', '일찍'),
(469, 'late', '늦은'),
(470, 'difficult', '어려운'),
(471, 'everyone', '모든사람'),
(472, 'happen', '우연히일어나다'),
(473, 'finish', '끝내다'),
(474, 'teach', '가르치다'),
(475, 'mountain', '산'),
(476, 'grow', '성장하다'),
(477, 'sound', '소리'),
(478, 'change', '바꾼다'),
(479, 'suddenly', '갑자기'),
(480, 'wonderful', '놀라운훌륭한'),
(481, 'birthday', '생일'),
(482, 'easy', '쉬운'),
(483, 'important', '중요한'),
(484, 'earth', '지구'),
(485, 'top', '꼭대기'),
(486, 'table', '탁자'),
(487, 'short', '짧은'),
(488, 'break', '부수다깨다'),
(489, 'eighth', '여덟번째'),
(490, 'already', '이미'),
(491, 'doll', '인형'),
(492, 'pound', '무게파운드'),
(493, 'hat', '모자'),
(494, 'quick', '빠른'),
(495, 'Tuesday', '화요일'),
(496, 'club', '클럽'),
(497, 'close', '닫다'),
(498, 'since', '이후부터'),
(499, 'king', '왕'),
(500, 'balloon', '풍선'),
(501, 'ninth', '아홉번째'),
(502, 'movie', '영화'),
(503, 'building', '건물'),
(504, 'east', '동쪽에'),
(505, 'meeting', '모임'),
(506, 'June', '6월'),
(507, 'twelve', '12'),
(508, 'o\'clock', '시'),
(509, 'Wednesday', '수요일'),
(510, 'dark', '어두운'),
(511, 'bicycle', '자전거'),
(512, 'hundred', '백'),
(513, 'college', '대학'),
(514, 'heart', '심장'),
(515, 'lady', '부인숙녀'),
(516, 'indoor', '실내의'),
(517, 'lake', '호수'),
(518, 'rain', '비'),
(519, 'drive', '운전하다'),
(520, 'tennis', '테니스'),
(521, 'under', '의아래에'),
(522, 'die', '죽다'),
(523, 'gold', '금'),
(524, 'ship', '배'),
(525, 'sky', '하늘'),
(526, 'hers', '그녀의것'),
(527, 'warm', '따뜻한'),
(528, 'reader', '독자'),
(529, 'clothes', '옷'),
(530, 'seat', '자리'),
(531, 'coat', '상의'),
(532, 'poor', '가난한'),
(533, 'store', '가게'),
(534, 'across', '가로질러'),
(535, 'head', '머리'),
(536, 'believe', '믿다'),
(537, 'library', '도서관'),
(538, 'holiday', '휴일'),
(539, 'lately', '최근에는'),
(540, 'blue', '파란우울한'),
(541, 'ground', '땅운동장'),
(542, 'hold', '쥐다개최하다'),
(543, 'spend', '소비하다'),
(544, 'field', '들판'),
(545, 'strong', '강한'),
(546, 'sir', '선생님'),
(547, 'swim', '헤엄치다'),
(548, 'September', '9월'),
(549, 'seventeen', '17'),
(550, 'camera', '카메라'),
(551, 'mile', '마일'),
(552, 'sick', '병난아픈'),
(553, 'mind', '마음'),
(554, 'return', '돌아온다'),
(555, 'baseball', '야구'),
(556, 'until', '어디까지'),
(557, 'ready', '준비가된'),
(558, 'pull', '잡아당기다'),
(559, 'alone', '혼자서'),
(560, 'sport', '스포츠'),
(561, 'livingroom', '거실'),
(562, 'build', '짓다'),
(563, 'dollar', '달러'),
(564, 'half', '반'),
(565, 'ride', '타다'),
(566, 'clean', '청소하다'),
(567, 'wash', '씻다'),
(568, 'among', '사이에'),
(569, 'fun', '즐거움'),
(570, 'office', '사무소'),
(571, 'pass', '통과하다'),
(572, 'tall', '키가큰'),
(573, 'several', '몇몇의'),
(574, 'voice', '소리'),
(575, 'seventh', '일곱번째'),
(576, 'win', '이기다'),
(577, 'snow', '눈'),
(578, 'island', '섬'),
(579, 'sell', '팔다'),
(580, 'full', '가득한충분한'),
(581, 'left', '왼쪽의'),
(582, 'aunt', '아주머니'),
(583, 'paint', '그리다'),
(584, 'though', '비록무엇일지라도'),
(585, 'care', '걱정하다'),
(586, 'jump', '뛴다'),
(587, 'reach', '도착하다'),
(588, 'hole', '구멍'),
(589, 'red', '빨간'),
(590, 'floor', '마루'),
(591, 'inside', '내측에'),
(592, 'mom', '엄마'),
(593, 'village', '마을'),
(594, 'quiet', '조용한'),
(595, 'golden', '금(금발의'),
(596, 'skate', '스케이트'),
(597, 'wood', '숲'),
(598, 'person', '사람'),
(599, 'strange', '이상한'),
(600, 'wear', '입고있다'),
(601, 'trouble', '어려움'),
(602, 'problem', '문제'),
(603, 'invite', '초대하다'),
(604, 'language', '언어'),
(605, 'lose', '지다'),
(606, 'dish', '접시'),
(607, 'different', '다른'),
(608, 'surprise', '놀라게하다'),
(609, 'welcome', '환영하다'),
(610, 'decide', '결심하다'),
(611, 'sixteen', '16'),
(612, 'dictionary', '사전'),
(613, 'shake', '흔들다'),
(614, 'foreign', '외국의'),
(615, 'tenth', '10번째의'),
(616, 'July', '6월'),
(617, 'bear', '곰'),
(618, 'culture', '문화'),
(619, 'ear', '귀'),
(620, 'hungry', '배고픈'),
(621, 'noise', '소음'),
(622, 'bye', '잘가안녕'),
(623, 'church', '교회'),
(624, 'easily', '쉽게'),
(625, 'cloud', '구름'),
(626, 'cool', '서늘한'),
(627, 'arm', '팔'),
(628, 'pocket', '호주머니'),
(629, 'fifty', '50'),
(630, 'farmer', '농부'),
(631, 'moment', '순간'),
(632, 'basketball', '농구'),
(633, 'line', '선줄'),
(634, 'shoe', '구두'),
(635, 'chocolate', '쵸콜렛'),
(636, 'mine', '나의것'),
(637, 'fight', '싸우다전투'),
(638, 'November', '11월'),
(639, 'police', '경찰'),
(640, 'mountain', '산'),
(641, 'unhappy', '불운한'),
(642, 'nineteen', '열아홉'),
(643, 'miss', '놓치다'),
(644, 'bright', '빛나는'),
(645, 'meat', '고기'),
(646, 'marry', '결혼하다'),
(647, 'difference', '차이'),
(648, 'heaven', '하늘'),
(649, 'harvest', '수확'),
(650, 'century', '세기'),
(651, 'soldier', '병사'),
(652, 'August', '8월'),
(653, 'age', '나이시대'),
(654, 'Canada', '캐나다'),
(655, 'kill', '죽이다'),
(656, 'weather', '날씨'),
(657, 'past', '지나서과거'),
(658, 'excite', '흥분시키다'),
(659, 'fact', '사실'),
(660, 'stone', '돌'),
(661, 'foreigner', '외국인'),
(662, 'however', '그러나'),
(663, 'accident', '사고'),
(664, 'finally', '최후로'),
(665, 'pole', '극'),
(666, 'idle', '게으른'),
(667, 'guess', '생각하다추축하다'),
(668, 'treat', '다루다대접하다'),
(669, 'Chinese', '중국사람'),
(670, 'wild', '야생의'),
(671, 'record', '레코드'),
(672, 'factory', '공장'),
(673, 'mix', '섞는다'),
(674, 'agree', '동의하다'),
(675, 'information', '정보'),
(676, 'save', '저장하다'),
(677, 'shopkeeper', '점포주인'),
(678, 'popular', '인기있는'),
(679, 'forest', '숲'),
(680, 'future', '미래'),
(681, 'autumn', '가을'),
(682, 'coin', '동전'),
(683, 'choose', '선택하다'),
(684, 'vacation', '휴가'),
(685, 'continue', '계속하다'),
(686, 'southern', '남쪽의'),
(687, 'business', '일사업'),
(688, 'introduce', '소개하다'),
(689, 'practice', '연습'),
(690, 'neighbor', '이웃'),
(691, 'amount', '총계'),
(692, 'notice', '주의통지알아차리다'),
(693, 'order', '주문명령순서'),
(694, 'dangerous', '위험한'),
(695, 'space', '우주공간'),
(696, 'traffic', '교통'),
(697, 'expensive', '고급의'),
(698, 'machine', '기계'),
(699, 'hair', '머리카락'),
(700, 'safe', '안전한'),
(701, 'bench', '벤치'),
(702, 'skirt', '치마'),
(703, 'middle', '한가운데'),
(704, 'May', '5월'),
(705, 'fifth', '5번째'),
(706, 'slow', '느린'),
(707, 'mouth', '입'),
(708, 'film', '영화'),
(709, 'mark', '점수표시'),
(710, 'blackboard', '칠판'),
(711, 'scientist', '과학자'),
(712, 'robot', '로보트'),
(713, 'grass', '잔디'),
(714, 'meaning', '의미'),
(715, 'leg', '다리'),
(716, 'December', '12월'),
(717, 'cousin', '사촌'),
(718, 'rocket', '로켓'),
(719, 'sandwich', '샌드위치'),
(720, 'candy', '사탕'),
(721, 'classroom', '교실'),
(722, 'number', '수'),
(723, 'March', '3월'),
(724, 'gentleman', '신사'),
(725, 'toy', '장난감'),
(726, 'point', '가르키다'),
(727, 'pick', '따다고르다'),
(728, 'speed', '속도'),
(729, 'knife', '칼'),
(730, 'clock', '시계'),
(731, 'team', '팀'),
(732, 'hurt', '상처를입히다'),
(733, 'yard', '마당'),
(734, 'spell', '철자하다'),
(735, 'speaker', '연사'),
(736, 'lawyer', '변호사'),
(737, 'orange', '오렌지색의'),
(738, 'throw', '던지다'),
(739, 'meter', '미터'),
(740, 'meal', '식사'),
(741, 'north', '북에'),
(742, 'German', '독일의'),
(743, 'oil', '기름'),
(744, 'god', '신'),
(745, 'wind', '바람'),
(746, 'grandfather', '할아버지'),
(747, 'February', '이월달'),
(748, 'yellow', '노란'),
(749, 'concert', '콘서트'),
(750, 'Friday', '금요일'),
(751, 'center', '중앙중심'),
(752, 'forty', '사십'),
(753, 'heavy', '무거운'),
(754, 'note', '메모'),
(755, 'weak', '약한'),
(756, 'dry', '마른'),
(757, 'supper', '저녁식사'),
(758, 'noon', '정오'),
(759, 'anyone', '어떤사람'),
(760, 'rude', '무례한'),
(761, 'normal', '정상의'),
(762, 'diningroom', '식당'),
(763, 'south', '남쪽'),
(764, 'above', '의위에'),
(765, 'China', '중국'),
(766, 'group', '그룹'),
(767, 'October', '시월달'),
(768, 'matter', '문제'),
(769, 'guitar', '기타'),
(770, 'cross', '가로질러가'),
(771, 'join', '결합하다참가하다'),
(772, 'April', '4월'),
(773, 'bridge', '다리'),
(774, 'cent', '센트'),
(775, 'ill', '병든'),
(776, 'bath', '목욕'),
(777, 'pond', '연못'),
(778, 'pair', '한쌍'),
(779, 'probably', '아마도'),
(780, 'Thursday', '목요일'),
(781, 'yours', '당신의것'),
(782, 'mad', '정신이이상한'),
(783, 'tonight', '오늘밤'),
(784, 'prize', '상상품'),
(785, 'instead', '그대신에'),
(786, 'justice', '정의'),
(787, 'mercy', '자비'),
(788, 'discuss', '대해서의논하다'),
(789, 'camp', '야영하다'),
(790, 'rice', '쌀'),
(791, 'war', '전쟁'),
(792, 'flight', '비행'),
(793, 'fruit', '과일'),
(794, 'monkey', '원숭이'),
(795, 'million', '백만'),
(796, 'January', '1월'),
(797, 'certainly', '확실히물론'),
(798, 'classmate', '동급생'),
(799, 'west', '서'),
(800, 'map', '지도'),
(801, 'tie', '매다넥타이'),
(802, 'push', '밀다'),
(803, 'penpal', '펜팔'),
(804, 'favorite', '가장좋아하는'),
(805, 'terrible', '지독한무시무시한'),
(806, 'soft', '부드러운'),
(807, 'cow', '암소'),
(808, 'tail', '꼬리'),
(809, 'aloud', '큰소리로'),
(810, 'wall', '벽'),
(811, 'dress', '옷'),
(812, 'tourist', '관광객'),
(813, 'truck', '트럭'),
(814, 'rise', '오르다'),
(815, 'list', '목록'),
(816, 'singer', '가수'),
(817, 'lead', '이끌다안내하다'),
(818, 'turtle', '바다거북'),
(819, 'sailor', '선원'),
(820, 'clever', '현명한'),
(821, 'beach', '해변'),
(822, 'impressive', '인상적인'),
(823, 'painting', '그림그리기'),
(824, 'set', '설치하다'),
(825, 'receive', '받다'),
(826, 'friendly', '호의적인'),
(827, 'blind', '눈먼'),
(828, 'loud', '큰소리로'),
(829, 'northern', '북의'),
(830, 'less', '보다적은'),
(831, 'dig', '파다'),
(832, 'fill', '채우다'),
(833, 'pet', '애완동물'),
(834, 'garbage', '쓰레기'),
(835, 'lucky', '행운의'),
(836, 'finger', '손가락'),
(837, 'lie', '누워있다거짓말하다'),
(838, 'zoo', '동물원'),
(839, 'secret', '비밀'),
(840, 'beside', '의곁에'),
(841, 'shape', '형태'),
(842, 'tiny', '조그마한'),
(843, 'UnitedStates', '미국'),
(844, 'subject', '과목'),
(845, 'feeling', '감정'),
(846, 'statue', '상'),
(847, 'ancient', '옛날의'),
(848, 'art', '예술'),
(849, 'burn', '태우다타다'),
(850, 'contest', '경쟁다툼'),
(851, 'case', '경우사건'),
(852, 'draw', '당기다그리다'),
(853, 'experience', '경험'),
(854, 'date', '날짜데이트'),
(855, 'explain', '설명하다'),
(856, 'habit', '습관'),
(857, 'boring', '지루한'),
(858, 'bother', '괴롭히다'),
(859, 'cheese', '치즈'),
(860, 'gesture', '몸짓'),
(861, 'battle', '전투'),
(862, 'promise', '약속'),
(863, 'artist', '예술가'),
(864, 'nobody', '아무도아니다'),
(865, 'sentence', '문장'),
(866, 'scholar', '장학생'),
(867, 'stupid', '바보같은'),
(868, 'race', '인종'),
(869, 'rather', '차라리'),
(870, 'wish', '바라다'),
(871, 'drop', '떨어뜨리다'),
(872, 'hide', '숨기다'),
(873, 'forward', '전방의'),
(874, 'diary', '일기'),
(875, 'expect', '기대하다예상하다'),
(876, 'international', '국제적인'),
(877, 'mayor', '시장'),
(878, 'master', '습득하다'),
(879, 'match', '경기시합성냥'),
(880, 'vegetable', '야채'),
(881, 'borrow', '빌리다'),
(882, 'straight', '곧은'),
(883, 'precious', '귀중한'),
(884, 'beyond', '넘어서'),
(885, 'twice', '두번'),
(886, 'celebrate', '축하하다'),
(887, 'beginning', '처음'),
(888, 'below', '의아래'),
(889, 'guest', '손님'),
(890, 'plate', '접시'),
(891, 'proud', '자랑스러운'),
(892, 'wake', '깨다'),
(893, 'season', '계절'),
(894, 'shine', '빛나다'),
(895, 'clear', '깨끗한'),
(896, 'control', '관리억제억제하다'),
(897, 'desert', '사막'),
(898, 'consist', '이루어지다'),
(899, 'symbol', '상징물'),
(900, 'fantastic', '공상적인'),
(901, 'monument', '기념물'),
(902, 'turkey', '칠면조'),
(903, 'mouse', '쥐'),
(904, 'frog', '개구리'),
(905, 'against', '반대하여'),
(906, 'suit', '적합하다'),
(907, 'modern', '현대적인'),
(908, 'ghost', '유령'),
(909, 'government', '정부'),
(910, 'chicken', '병아리닭고기'),
(911, 'engine', '기관기관차'),
(912, 'smoke', '연기'),
(913, 'simple', '간단한'),
(914, 'madam', '부인'),
(915, 'nearly', '거의'),
(916, 'price', '값'),
(917, 'lazy', '게으른'),
(918, 'smell', '냄새냄새맡다'),
(919, 'Spain', '스페인'),
(920, 'lovely', '사랑스러운'),
(921, 'stamp', '우표도장'),
(922, 'sugar', '설탕'),
(923, 'elect', '선거하다'),
(924, 'limit', '제한'),
(925, 'whole', '전체전체의'),
(926, 'blow', '바람이분다'),
(927, 'hall', '홀회관'),
(928, 'pilot', '조종사'),
(929, 'bottle', '병'),
(930, 'power', '힘'),
(931, 'serve', '봉사하다'),
(932, 'hometown', '고향'),
(933, 'step', '계단'),
(934, 'cheap', '싼'),
(935, 'add', '더하다'),
(936, 'fat', '지방'),
(937, 'blood', '혈액'),
(938, 'wing', '날개'),
(939, 'rope', '밧줄줄'),
(940, 'dirty', '더러운'),
(941, 'fox', '여우'),
(942, 'kindness', '친절'),
(943, 'worse', '더나쁜'),
(944, 'gate', '문'),
(945, 'health', '건강'),
(946, 'musician', '음악가'),
(947, 'neck', '목'),
(948, 'empty', '텅빈'),
(949, 'sacrifice', '희생'),
(950, 'silver', '은'),
(951, 'officer', '공무원관리'),
(952, 'none', '아무도무엇않다'),
(953, 'anyway', '어쨌든'),
(954, 'sunshine', '햇빛'),
(955, 'especially', '특히'),
(956, 'opera', '오페라'),
(957, 'peace', '평화'),
(958, 'state', '상태'),
(959, 'shut', '닫아버리다'),
(960, 'captain', '선장'),
(961, 'rule', '규칙'),
(962, 'principal', '교장'),
(963, 'universe', '우주'),
(964, 'generally', '일반적으로'),
(965, 'discover', '발견하다'),
(966, 'engineer', '기술자'),
(967, 'value', '가치'),
(968, 'stick', '지팡이'),
(969, 'ambitious', '야심적인'),
(970, 'diligent', '근면한'),
(971, 'forgive', '용서하다'),
(972, 'wander', '헤메다'),
(973, 'remove', '제거하다'),
(974, 'gun', '권총'),
(975, 'leaf', '잎'),
(976, 'possible', '가능한'),
(977, 'lend', '빌려주다'),
(978, 'rabbit', '토끼'),
(979, 'law', '법률'),
(980, 'somewhere', '어딘가에'),
(981, 'umbrella', '우산'),
(982, 'bit', '조금'),
(983, 'stranger', '낯선사람'),
(984, 'advice', '조언'),
(985, 'method', '방법'),
(986, 'appreciate', '감사하다감상하다'),
(987, 'adult', '성인'),
(988, 'magazine', '잡지'),
(989, 'natural', '자연의'),
(990, 'endure', '참다견디다'),
(991, 'talent', '재능'),
(992, 'protect', '보호하다'),
(993, 'program', '프로그램'),
(994, 'shoulder', '어깨'),
(995, 'tear', '눈물'),
(996, 'pollute', '오염시키다'),
(997, 'throat', '목구멍'),
(998, 'glory', '영광'),
(999, 'climate', '기후'),
(1000, 'pollution', '오염'),
(1001, 'unless', '만약무엇아니라면'),
(1002, 'lift', '들어올리다'),
(1003, 'bark', '짖다'),
(1004, 'belong', '속하다'),
(1005, 'raise', '올리다'),
(1006, 'character', '성격.인격'),
(1007, 'deep', '깊은'),
(1008, 'form', '모양형식'),
(1009, 'candle', '양초'),
(1010, 'Russian', '러시아의'),
(1011, 'funny', '우스운'),
(1012, 'host', '주인'),
(1013, 'although', '비록무엇일지라도'),
(1014, 'area', '영역'),
(1015, 'prince', '왕자'),
(1016, 'rush', '돌진하다'),
(1017, 'theater', '극장'),
(1018, 'thought', '생각'),
(1019, 'hang', '걸다매달다'),
(1020, 'suppose', '상상하다생각하다'),
(1021, 'university', '대학'),
(1022, 'event', '사건행사'),
(1023, 'gift', '선물'),
(1024, 'message', '메세지'),
(1025, 'metal', '금속'),
(1026, 'communicate', '전달하다'),
(1027, 'cost', '비용이들다'),
(1028, 'appear', '나타나다'),
(1029, 'medicine', '약'),
(1030, 'memory', '기억하다'),
(1031, 'nervous', '신경질이'),
(1032, 'queen', '여왕'),
(1033, 'custom', '관습'),
(1034, 'create', '창조하다'),
(1035, 'remain', '남아있다'),
(1036, 'cultural', '문화의'),
(1037, 'harmony', '조화'),
(1038, 'model', '모델'),
(1039, 'servant', '하인'),
(1040, 'prepare', '준비하다'),
(1041, 'challenge', '도전하다'),
(1042, 'survive', '살아남다'),
(1043, 'position', '위치'),
(1044, 'praise', '칭찬하다'),
(1045, 'hero', '주인공'),
(1046, 'attractive', '매혹적인'),
(1047, 'favor', '호의부탁'),
(1048, 'palace', '궁전'),
(1049, 'repeat', '반복하다'),
(1050, 'citizen', '시민'),
(1051, 'unite', '결합하다'),
(1052, 'warn', '경고하다'),
(1053, 'medical', '의학의'),
(1054, 'devil', '악마'),
(1055, 'valley', '계곡'),
(1056, 'breath', '숨'),
(1057, 'source', '근원'),
(1058, 'harm', '해를끼치다'),
(1059, 'wave', '물결'),
(1060, 'pain', '아픔'),
(1061, 'taste', '맛이난다'),
(1062, 'quarrel', '말다툼을하다'),
(1063, 'report', '보고하다'),
(1064, 'athlete', '운동선수'),
(1065, 'bottom', '밑'),
(1066, 'condition', '조건'),
(1067, 'sightsee', '구경하다'),
(1068, 'fare', '요금'),
(1069, 'giant', '거대한'),
(1070, 'Spanish', '스페인말'),
(1071, 'imagine', '상상하다'),
(1072, 'wet', '젖은'),
(1073, 'act', '행위행동하다'),
(1074, 'clerk', '사무원'),
(1075, 'grownup', '어른성숙한'),
(1076, 'healthy', '건강한'),
(1077, 'complain', '불평하다'),
(1078, 'weekend', '주말'),
(1079, 'coach', '코치'),
(1080, 'rose', '장미'),
(1081, 'upon', '무엇위에'),
(1082, 'dozen', '열두개'),
(1083, 'copy', '복사하다사본'),
(1084, 'curtain', '커튼'),
(1085, 'market', '시장'),
(1086, 'wine', '포도주'),
(1087, 'jacket', '상의'),
(1088, 'everyday', '일상의'),
(1089, 'post', '우편우송하다'),
(1090, 'double', '두배의'),
(1091, 'asleep', '잠들어있는'),
(1092, 'alphabet', '알파벳'),
(1093, 'racket', '라켓'),
(1094, 'whom', '누구를누구에게'),
(1095, 'apartment', '아파트'),
(1096, 'headache', '두통'),
(1097, 'sale', '판매'),
(1098, 'salt', '소금'),
(1099, 'cookie,cooky', '쿠키비스킷'),
(1100, 'tiger', '호랑이'),
(1101, 'soup', '스프'),
(1102, 'check', '대조수표대조하다'),
(1103, 'impossible', '불가능한'),
(1104, 'everywhere', '모든곳에'),
(1105, 'pants', '바지'),
(1106, 'wide', '넓은'),
(1107, 'storm', '폭풍'),
(1108, 'medal', '메달'),
(1109, 'sleepy', '졸리운'),
(1110, 'bathroom', '욕실'),
(1111, 'ahead', '전방에'),
(1112, 'cheer', '갈채'),
(1113, 'jam', '잼'),
(1114, 'picnic', '소풍'),
(1115, 'tower', '탑'),
(1116, 'strike', '치다때리다'),
(1117, 'airplane', '비행기'),
(1118, 'midnight', '한밤중의'),
(1119, 'basket', '바구니'),
(1120, 'blanket', '담요'),
(1121, 'indeed', '정말로'),
(1122, 'certain', '확실한'),
(1123, 'recorder', '녹음기'),
(1124, 'volleyball', '배구'),
(1125, 'stove', '스토브'),
(1126, 'castle', '성'),
(1127, 'tunnel', '터널'),
(1128, 'sharp', '날카로운'),
(1129, 'role', '역할'),
(1130, 'helpful', '도움이되는'),
(1131, 'bookstore', '책방'),
(1132, 'death', '죽음'),
(1133, 'except', '무엇을제외하고는'),
(1134, 'excellent', '우수한'),
(1135, 'attack', '공격'),
(1136, 'enemy', '적'),
(1137, 'honor', '명예'),
(1138, 'remind', '생각나게하다'),
(1139, 'textbook', '교과서'),
(1140, 'wool', '양털'),
(1141, 'graduate', '졸업하다'),
(1142, 'painter', '화가'),
(1143, 'potato', '감자'),
(1144, 'knock', '문을두드리는소리'),
(1145, 'somebody', '누군가'),
(1146, 'joy', '기쁨'),
(1147, 'anybody', '누구라도'),
(1148, 'goods', '상품'),
(1149, 'couple', '커플'),
(1150, 'handsome', '잘생긴'),
(1151, 'p.m.', '오후.'),
(1152, 'jet', '제트기분출'),
(1153, 'disappear', '사라지다'),
(1154, 'rapidly', '빠르게'),
(1155, 'president', '회장'),
(1156, 'feed', '기르다먹을것을주다'),
(1157, 'gym', '체육관'),
(1158, 'worst', '최악의가장나쁜'),
(1159, 'okay', '승인좋아'),
(1160, 'mail', '우편'),
(1161, 'department', '부문'),
(1162, 'mend', '고치다'),
(1163, 'humor', '유머'),
(1164, 'jungle', '정글'),
(1165, 'butter', '버터'),
(1166, 'lonely', '고독한'),
(1167, 'cage', '새장'),
(1168, 'subway', '지하철'),
(1169, 'dad', '아빠'),
(1170, 'photo', '사진'),
(1171, 'band', '밴드'),
(1172, 'manner', '방법'),
(1173, 'thirsty', '목이마른'),
(1174, 'chief', '우두머리주요한'),
(1175, 'thick', '두꺼운'),
(1176, 'wise', '똑똑한'),
(1177, 'result', '결과'),
(1178, 'sunlight', '태양빛'),
(1179, 'kangaroo', '캥거루'),
(1180, 'scenery', '풍경'),
(1181, 'neither', '어느편도무엇아니다'),
(1182, 'simply', '오직간단히'),
(1183, 'thin', '여윈얇은'),
(1184, 'alive', '살아있는'),
(1185, 'homeroom', '홈룸'),
(1186, 'noisy', '떠들석한'),
(1187, 'nation', '국가'),
(1188, 'fellow', '동료'),
(1189, 'luck', '행운'),
(1190, 'downstairs', '아래층에'),
(1191, 'advise', '충고하다'),
(1192, 'serious', '중대한진지한'),
(1193, 'ache', '아프다'),
(1194, 'foolish', '어리석은'),
(1195, 'success', '성공'),
(1196, 'abroad', '해외로'),
(1197, 'visitor', '방문자'),
(1198, 'Greek', '그리스사람'),
(1199, 'energy', '에너지'),
(1200, 'upstairs', '2층의'),
(1201, 'steak', '스테이크'),
(1202, 'anywhere', '어디에도'),
(1203, 'trick', '계략속임수장난'),
(1204, 'actor', '배우'),
(1205, 'seed', '씨'),
(1206, 'weight', '무게'),
(1207, 'twinkle', '반짝이다'),
(1208, 'happiness', '행복'),
(1209, 'fool', '바보'),
(1210, 'count', '세다계산하다'),
(1211, 'sweet', '단향기로운'),
(1212, 'hammer', '망치'),
(1213, 'cloth', '천'),
(1214, 'calendar', '달력'),
(1215, 'heat', '열'),
(1216, 'till', '까지'),
(1217, 'lip', '입술'),
(1218, 'medium', '중간'),
(1219, 'wrap', '싸다포장하다'),
(1220, 'welldone', '잘익은'),
(1221, 'truly', '정말로'),
(1222, 'Asia', '아시아'),
(1223, 'danger', '위험'),
(1224, 'earn', '벌다'),
(1225, 'marathon', '마라톤'),
(1226, 'express', '표현하다'),
(1227, 'population', '인구'),
(1228, 'pleasure', '즐거움'),
(1229, 'unfortunately', '불행하게도'),
(1230, 'effect', '결과효과'),
(1231, 'equal', '같은'),
(1232, 'wolf', '늑대'),
(1233, 'fault', '결점잘못'),
(1234, 'waiter', '웨이터'),
(1235, 'smooth', '부드러운'),
(1236, 'kick', '차다'),
(1237, 'branch', '가지'),
(1238, 'operator', '교환수'),
(1239, 'local', '지방의'),
(1240, 'according', '무엇에따라서'),
(1241, 'army', '육군'),
(1242, 'bow', '절하다인사'),
(1243, 'businessman', '사업가'),
(1244, 'festival', '축제'),
(1245, 'forever', '영원히'),
(1246, 'main', '중요한'),
(1247, 'poem', '시'),
(1248, 'kid', '아이'),
(1249, 'distance', '거리'),
(1250, 'prison', '형무소'),
(1251, 'safety', '안전'),
(1252, 'community', '공동사회'),
(1253, 'charge', '대가값청구하다'),
(1254, 'flame', '불꽃'),
(1255, 'grade', '등급학년.성적'),
(1256, 'scene', '장면'),
(1257, 'absent', '결석의'),
(1258, 'coast', '해안'),
(1259, 'fog', '안개'),
(1260, 'rough', '거친'),
(1261, 'enter', '들어가다'),
(1262, 'guide', '안내하다안내자'),
(1263, 'fry', '기름에튀기다'),
(1264, 'handkerchief', '손수건'),
(1265, 'skin', '피부'),
(1266, 'stream', '개울시내'),
(1267, 'track', '작은길선로'),
(1268, 'jewel', '보석'),
(1269, 'Olympic', '올림픽'),
(1270, 'attract', '끌다'),
(1271, 'schedule', '시간표'),
(1272, 'unusual', '이상한비범한'),
(1273, 'human', '인간'),
(1274, 'knee', '무릎'),
(1275, 'manager', '매니저'),
(1276, 'wagon', '마차'),
(1277, 'Pacific', '평화로운'),
(1278, 'shoot', '사격하다'),
(1279, 'national', '국가의'),
(1280, 'allow', '허락하다'),
(1281, 'collect', '모으다'),
(1282, 'fix', '고정시키다'),
(1283, 'brave', '용감한'),
(1284, 'dive', '잠수하다'),
(1285, 'barn', '헛간'),
(1286, 'classical', '고전의'),
(1287, 'examine', '조사하다'),
(1288, 'perfect', '완전한'),
(1289, 'address', '주소'),
(1290, 'necessary', '필요한'),
(1291, 'fair', '공평한맑은'),
(1292, 'nest', '둥지'),
(1293, 'expression', '표현'),
(1294, 'scientific', '과학적인'),
(1295, 'attention', '주의'),
(1296, 'nor', '무엇도또한무엇않다'),
(1297, 'hardly', '거의하지않는다'),
(1298, 'planet', '혹성'),
(1299, 'pride', '자랑자존심'),
(1300, 'hat', '모자'),
(1301, 'nearby', '근처에'),
(1302, 'pleasant', '즐거운'),
(1303, 'rare', '진기한'),
(1304, 'starve', '굶어죽다'),
(1305, 'nature', '자연'),
(1306, 'movement', '동작행동'),
(1307, 'period', '기간'),
(1308, 'signal', '신호'),
(1309, 'cinema', '영화'),
(1310, 'mild', '온화한'),
(1311, 'search', '찾다'),
(1312, 'experiment', '실험'),
(1313, 'silent', '조용한'),
(1314, 'parttime', '파트타임아르바이트'),
(1315, 'hobby', '취미'),
(1316, 'devote', '바치다'),
(1317, 'fail', '실패하다'),
(1318, 'pop', '대중음악의'),
(1319, 'nurse', '간호원'),
(1320, 'sight', '광경경치시력'),
(1321, 'garage', '차고'),
(1322, 'female', '여성'),
(1323, 'stomach', '위'),
(1324, 'conductor', '지휘자'),
(1325, 'exchange', '교환교환하다'),
(1326, 'equipment', '장비'),
(1327, 'magic', '마법'),
(1328, 'admire', '칭찬하다'),
(1329, 'memorize', '기억하다'),
(1330, 'appointment', '약속'),
(1331, 'invitation', '초대'),
(1332, 'sense', '감각'),
(1333, 'crop', '수확'),
(1334, 'spread', '퍼트리다'),
(1335, 'whether', '무엇인지어떤지'),
(1336, 'applaud', '박수갈채를보내다'),
(1337, 'badly', '심하게나쁘게'),
(1338, 'fresh', '신선한'),
(1339, 'melt', '녹다'),
(1340, 'pity', '동정'),
(1341, 'sweat', '땀'),
(1342, 'comfortable', '기분좋은'),
(1343, 'friendship', '우정'),
(1344, 'adventure', '모험'),
(1345, 'ETC', '기타등등'),
(1346, 'freedom', '자유'),
(1347, 'fence', '울타리담'),
(1348, 'common', '보통의'),
(1349, 'huge', '거대한'),
(1350, 'musical', '음악의음악적인'),
(1351, 'root', '뿌리'),
(1352, 'charming', '매력적인'),
(1353, 'bowl', '사발'),
(1354, 'disease', '병'),
(1355, 'gather', '모으다'),
(1356, 'judge', '재판관판단하다'),
(1357, 'pour', '붓다'),
(1358, 'service', '봉사'),
(1359, 'electric', '전기의'),
(1360, 'effort', '노력'),
(1361, 'bury', '파묻다'),
(1362, 'feather', '깃털'),
(1363, 'quarter', '사분의일'),
(1364, 'force', '힘'),
(1365, 'attend', '출석하다'),
(1366, 'junior', '손아래의후배'),
(1367, 'shy', '수줍어하는'),
(1368, 'suggest', '암시하다제의하다'),
(1369, 'education', '교육'),
(1370, 'calm', '고요한평온한'),
(1371, 'social', '사회적인'),
(1372, 'honest', '정직한'),
(1373, 'boil', '끓다'),
(1374, 'reply', '대답'),
(1375, 'polite', '정중한'),
(1376, 'temperature', '온도'),
(1377, 'doubt', '의심하다'),
(1378, 'avenue', '큰거리'),
(1379, 'shock', '충격'),
(1380, 'realize', '깨닫다'),
(1381, 'central', '중앙의'),
(1382, 'capital', '수도대문자주요한'),
(1383, 'correct', '고치다'),
(1384, 'instance', '예실례보기'),
(1385, 'delicious', '맛있는'),
(1386, 'hunt', '사냥하다'),
(1387, 'powerful', '강력한'),
(1388, 'fit', '알맞은어울리다'),
(1389, 'Australian', '호주의'),
(1390, 'continent', '대륙'),
(1391, 'path', '작은길'),
(1392, 'exactly', '정확히'),
(1393, 'similar', '비슷한'),
(1394, 'ocean', '대양'),
(1395, 'truth', '진실'),
(1396, 'opinion', '의견'),
(1397, 'loose', '느슨한'),
(1398, 'crash', '충돌하다'),
(1399, 'temple', '사원'),
(1400, 'instruction', '교육지시명령'),
(1401, 'direction', '방향'),
(1402, 'author', '저자'),
(1403, 'divide', '나누다'),
(1404, 'unify', '통일하다'),
(1405, 'share', '나누다'),
(1406, 'trade', '무역'),
(1407, 'unification', '통일'),
(1408, 'connect', '잇다연결하다'),
(1409, 'relative', '친척'),
(1410, 'trust', '신용믿다'),
(1411, 'democracy', '민주주의'),
(1412, 'silly', '어리석은'),
(1413, 'independent', '독립의'),
(1414, 'blossom', '꽃꽃이피다'),
(1415, 'rub', '문지르다'),
(1416, 'offer', '제공하다'),
(1417, 'particular', '특별한'),
(1418, 'conversation', '회화'),
(1419, 'professor', '교수'),
(1420, 'completely', '완전하게'),
(1421, 'succeed', '성공하다'),
(1422, 'sorrow', '슬픔'),
(1423, 'bite', '물다'),
(1424, 'obey', '복종하다'),
(1425, 'congratulate', '축하하다'),
(1426, 'avoid', '피하다'),
(1427, 'congratulation', '축하'),
(1428, 'mention', '말하다'),
(1429, 'accept', '받다인정하다'),
(1430, 'private', '개인의'),
(1431, 'society', '사회'),
(1432, 'sow', '씨를뿌리다'),
(1433, 'solve', '풀다해결하다'),
(1434, 'choice', '선택'),
(1435, 'industry', '공업'),
(1436, 'actually', '실제적으로'),
(1437, 'economy', '경제'),
(1438, 'curious', '호기심이강한'),
(1439, 'spirit', '정신'),
(1440, 'frankly', '솔직히'),
(1441, 'greet', '인사하다'),
(1442, 'active', '활발한'),
(1443, 'furniture', '가구'),
(1444, 'destroy', '파괴하다'),
(1445, 'escape', '달아나다'),
(1446, 'extra', '여분의'),
(1447, 'invent', '발명하다'),
(1448, 'pardon', '용서'),
(1449, 'waste', '낭비하다'),
(1450, 'disappoint', '실망시키다'),
(1451, 'freeze', '얼다'),
(1452, 'educate', '교육하다'),
(1453, 'breathe', '호흡하다'),
(1454, 'tooth', '이빨'),
(1455, 'successful', '성공적인'),
(1456, 'cause', '원인'),
(1457, 'lecture', '강의'),
(1458, 'communication', '전달통신교통'),
(1459, 'elementary', '초보의'),
(1460, 'exercise', '운동연습'),
(1461, 'recently', '최근에'),
(1462, 'repair', '수리하다'),
(1463, 'court', '법정'),
(1464, 'proverb', '속담'),
(1465, 'view', '관점'),
(1466, 'patience', '인내'),
(1467, 'progress', '진행'),
(1468, 'punish', '벌하다'),
(1469, 'refuse', '거절하다'),
(1470, 'depend', '의지하다'),
(1471, 'excitement', '흥분'),
(1472, 'roll', '구르다'),
(1473, 'various', '다양한'),
(1474, 'single', '독신의하나의'),
(1475, 'blame', '비난하다'),
(1476, 'satisfy', '만족시키다'),
(1477, 'uniform', '유니폼'),
(1478, 'public', '공공의'),
(1479, 'courage', '용기'),
(1480, 'shame', '부끄러움'),
(1481, 'prefer', '더좋아하다'),
(1482, 'develop', '발달하다개발하다'),
(1483, 'produce', '생산하다'),
(1484, 'entrance', '입구'),
(1485, 'fear', '두려움걱정'),
(1486, 'youth', '젊음'),
(1487, 'increase', '증가하다'),
(1488, 'ceremony', '식의식'),
(1489, 'pray', '기도하다'),
(1490, 'system', '조직제도체계'),
(1491, 'ancestor', '선조'),
(1492, 'tomb', '묘'),
(1493, 'invade', '침입하다'),
(1494, 'respect', '존경존경하다'),
(1495, 'wisdom', '지혜'),
(1496, 'relax', '늦추다'),
(1497, 'treasure', '보물'),
(1498, 'stretch', '잡아늘이다'),
(1499, 'thumb', '엄지손가락'),
(1500, 'responsible', '책임이있는');

-- --------------------------------------------------------

--
-- Cấu trúc bảng cho bảng `voca_lever_2_1200_middle`
--

CREATE TABLE `voca_lever_2_1200_middle` (
  `stt` int(11) NOT NULL,
  `english` varchar(15) DEFAULT NULL,
  `한국` varchar(12) DEFAULT NULL
) ENGINE=InnoDB DEFAULT CHARSET=utf8 COLLATE=utf8_general_ci;

--
-- Đang đổ dữ liệu cho bảng `voca_lever_2_1200_middle`
--

INSERT INTO `voca_lever_2_1200_middle` (`stt`, `english`, `한국`) VALUES
(1, 'managerial', '관리의'),
(2, 'diligent', '성실한'),
(3, 'familiar', '익숙한친숙한'),
(4, 'proficiency', '숙달능숙'),
(5, 'prospective', '장래의미래의'),
(6, 'appeal', '매력관심끌다'),
(7, 'psychologist', '심리학자'),
(8, 'apprehensive', '걱정염려하는'),
(9, 'consultant', '상담가'),
(10, 'entitle', '자격을주다'),
(11, 'eligible', '자격이있는'),
(12, 'confidence', '확신함'),
(13, 'resume', '이력서'),
(14, 'applicant', '지원자신청자'),
(15, 'requirement', '필요조건요건'),
(16, 'meet', '만나다만족시키다'),
(17, 'qualified', '자격있는적격의'),
(18, 'candidate', '후보자지원자'),
(19, 'highly', '대단히높게'),
(20, 'professional', '전문가의'),
(21, 'hire', '고용하다'),
(22, 'reference', '추천서참고'),
(23, 'achievement', '성취달성'),
(24, 'impressed', '감명을받은'),
(25, 'excellent', '훌륭한'),
(26, 'identify', '동일함을확인하다'),
(27, 'associate', '연결관련시키다'),
(28, 'condition', '조건'),
(29, 'employment', '고용'),
(30, 'lack', '부족함'),
(31, 'degree', '학위'),
(32, 'payroll', '임금명부'),
(33, 'recruit', '사원을모집하다'),
(34, 'certification', '증명서'),
(35, 'occupation', '직업'),
(36, 'wage', '임금급료'),
(37, 'attire', '복장옷차림새'),
(38, 'code', '규범관례암호'),
(39, 'concern', '우려걱정관련되다'),
(40, 'policy', '규정'),
(41, 'comply', '준수하다따르다'),
(42, 'regulation', '규정'),
(43, 'exception', '예외'),
(44, 'adhere', '지키다고수하다'),
(45, 'severely', '엄격하게심하게'),
(46, 'refrain', '자제하다삼가다'),
(47, 'permission', '허락허가'),
(48, 'access', '이용권한접근'),
(49, 'thoroughly', '철저하게완전히'),
(50, 'revise', '수정하다변경하다'),
(51, 'approach', '접근법처리방법'),
(52, 'approval', '승인인가'),
(53, 'form', '종류유형양식'),
(54, 'immediately', '즉시곧'),
(55, 'inspection', '점검검사'),
(56, 'arrangement', '준비마련주선'),
(57, 'procedure', '절차'),
(58, 'negative', '부정적인비관적인'),
(59, 'mandate', '명령지시하다'),
(60, 'effect', '법률등의효력'),
(61, 'drastically', '과감하게철저하게'),
(62, 'accordingto', '에따라서'),
(63, 'enable', '무엇을가능하게하다'),
(64, 'standard', '기준표준'),
(65, 'constant', '끊임없이지속적인'),
(66, 'act', '행동하다'),
(67, 'compensation', '보상금'),
(68, 'ban', '금지하다'),
(69, 'obligation', '의무책임'),
(70, 'authorize', '권한을부여하다'),
(71, 'prohibit', '금지하다'),
(72, 'abolish', '무효폐지하다'),
(73, 'enforce', '법률을시행집행하다'),
(74, 'habit', '습관버릇'),
(75, 'lagislation', '법률법규'),
(76, 'restrict', '한정하다제한하다'),
(77, 'accustomed', '익숙한'),
(78, 'corporatiion', '주식회사법인'),
(79, 'demanding', '요구가많은힘든'),
(80, 'colleague', '동료'),
(81, 'division', '부서'),
(82, 'request', '요청요청하다'),
(83, 'efficiently', '효율적으로'),
(84, 'manage', '가까스로경영하다 '),
(85, 'submit', '제출하다'),
(86, 'directly', '곧바로'),
(87, 'remind', '일깨우다'),
(88, 'instruct', '지시하다가르치다'),
(89, 'deadline', '마감일마감시간'),
(90, 'notify', '통지하다알리다'),
(91, 'perform', '행하다실행하다'),
(92, 'monitor', '감독감시실행하다'),
(93, 'deserve', '할가치가있다'),
(94, 'assignment', '일임무과제'),
(95, 'entire', '전체의'),
(96, 'release', '발표공개하다'),
(97, 'extension', '연장연기전화의내선'),
(98, 'electronically', '전자적으로'),
(99, 'attendance', '출석출근'),
(100, 'absolutely', '완전히절대적으로'),
(101, 'delegate', '대표로위임하다'),
(102, 'attentively', '주의깊게조심스럽게'),
(103, 'supervision', '감독'),
(104, 'workshop', '워크숍연수'),
(105, 'draw', '끌다끌어당기다'),
(106, 'revision', '수정개정'),
(107, 'reluctantly', '마지못해꺼려하여'),
(108, 'acquaint', '잘알게숙지시키다'),
(109, 'convey', '용건을전달하다'),
(110, 'check', '검사조사확인하다'),
(111, 'headquarters', '본부'),
(112, 'oversee', '감독하다'),
(113, 'involved', '관계된연루된'),
(114, 'concentrate', '집중시키다'),
(115, 'lax', '느슨한'),
(116, 'procrastinate', '미루다꾸물거리다'),
(117, 'combined', '결합된합동의'),
(118, 'accomplish', '성취하다'),
(119, 'voluntarily', '자발적으로'),
(120, 'undertake', '일을떠맡다'),
(121, 'assume', '추측생각하다'),
(122, 'occasionally', '가끔때때로'),
(123, 'employee', '직원고용인'),
(124, 'assist', '돕다조력하다'),
(125, 'satisfied', '만족하는'),
(126, 'manner', '방식태도'),
(127, 'responsible', '책임이있는'),
(128, 'conduct', '업무등을수행하다'),
(129, 'adjust', '적응하다'),
(130, 'personnel', '직원인사과'),
(131, 'agree', '동의하다'),
(132, 'supervise', '감독지도하다'),
(133, 'coworker', '동료협력자'),
(134, 'direct', '에게길을안내하다'),
(135, 'confidential', '기밀의내밀한'),
(136, 'assign', '배정하다할당하다'),
(137, 'leading', '선두에선도하는'),
(138, 'formal', '격식을갖춘'),
(139, 'remove', '해임하다제거하다'),
(140, 'collect', '모으다'),
(141, 'coordinate', '조정하다'),
(142, 'hardly', '거의하지않다'),
(143, 'abstract', '추상적인막연한'),
(144, 'directory', '주소록'),
(145, 'accountable', '책임이있는'),
(146, 'skillfully', '능숙하게솜씨있게'),
(147, 'exclusive', '독점적인배타적인'),
(148, 'intention', '의지의향'),
(149, 'transform', '바꾸다변모시키다'),
(150, 'respectful', '정중한존중하는'),
(151, 'duplicate', '사본'),
(152, 'contrary', '반대'),
(153, 'disturbing', '방해하는'),
(154, 'engage', '관여하다종사하다'),
(155, 'foster', '촉진하다육성하다'),
(156, 'neutrality', '중립성중립'),
(157, 'widely', '널리'),
(158, 'sophisticated', '기계가정교세련된'),
(159, 'timely', '시기적절한때를맞춘'),
(160, 'realistically', '현실적으로'),
(161, 'promptly', '즉시정각에'),
(162, 'accessible', '접근할수있는'),
(163, 'implement', '실시하다실행하다'),
(164, 'feedback', '의견반응'),
(165, 'outstanding', '이미지불된'),
(166, 'inform', '에게알리다'),
(167, 'replacement', '교체후임자'),
(168, 'announcement', '공고발표'),
(169, 'department', '조직기구의부서'),
(170, 'permanently', '영구적으로'),
(171, 'fulfill', '약속의무등을지키다'),
(172, 'outline', '개요설명하다약술하다'),
(173, 'explain', '설명하다'),
(174, 'contain', '포함하다'),
(175, 'compile', '자료등을편집모으다'),
(176, 'subsequent', '차후의그다음의'),
(177, 'overview', '개요개관'),
(178, 'provider', '공급자제공자'),
(179, 'matter', '문제일'),
(180, 'expertise', '전문지식전문기술'),
(181, 'demonstrate', '증명설명하다'),
(182, 'remainder', '나머지'),
(183, 'essential', '필수적인'),
(184, 'divide', '분배하다나누다'),
(185, 'major', '주요한중대한'),
(186, 'compliance', '명령법규에의준수'),
(187, 'clarify', '명확하게하다'),
(188, 'face', '문제등에직면하다'),
(189, 'follow', '을따라가다'),
(190, 'aspect', '관점국면'),
(191, 'apparently', '보기에외관상으로는'),
(192, 'aware', '알고있는인식하고있는'),
(193, 'extended', '기간등을연장한'),
(194, 'accidentally', '뜻하지않게우연히'),
(195, 'advisable', '바람직한합당한'),
(196, 'concerned', '염려걱정관련된'),
(197, 'speak', '이야기하다'),
(198, 'collection', '소장품수금'),
(199, 'exhibition', '전시회'),
(200, 'celebrity', '유명인사명사'),
(201, 'live', '생방송'),
(202, 'improvise', '즉흥즉석에서만들다.'),
(203, 'popular', '인기있는'),
(204, 'donation', '기증기부'),
(205, 'alumni', '동창생들졸업생들'),
(206, 'present', '제시하다현재의참석한'),
(207, 'admission', '입장'),
(208, 'banquet', '연회만찬'),
(209, 'anniversary', '기념일'),
(210, 'required', '필수의의무적인'),
(211, 'succeed', '성공하다뒤를잇다'),
(212, 'rest', '쉬다휴식나머지'),
(213, 'fundraising', '모금'),
(214, 'resume', '이력서다시시작하다'),
(215, 'issue', '출판물문제'),
(216, 'subscription', '정기발행물의구독'),
(217, 'appear', '나타나다출현하다'),
(218, 'accompany', '동행하다동반하다'),
(219, 'edition', '간행물의판'),
(220, 'specifically', '분명히특별히'),
(221, 'anonymous', '익명의이름을모르는'),
(222, 'commit', '헌신하다전념하다'),
(223, 'information', '유익한정보를주는'),
(224, 'audience', '청중관중'),
(225, 'author', '작가저자'),
(226, 'note', '주목언급하다.'),
(227, 'antique', '골동품'),
(228, 'manuscript', '원고'),
(229, 'beneficial', '유익한이로운'),
(230, 'upcoming', '곧있을다가오는'),
(231, 'lend', '빌려주다'),
(232, 'current', '현재의현행의통용되는'),
(233, 'local', '지방의고장의'),
(234, 'variety', '다양성변화'),
(235, 'advocate', '옹호자'),
(236, 'contributor', '기고가공헌자'),
(237, 'defy', '거의불가능하다'),
(238, 'fascinating', '매혹적인황홀한'),
(239, 'showing', '영화연극의상영전시'),
(240, 'survey', '설문조사'),
(241, 'analysis', '분석'),
(242, 'respondent', '응답자'),
(243, 'competition', '경쟁'),
(244, 'consistently', '항상일관되게'),
(245, 'demand', '수요요구하다'),
(246, 'doone\'sutmost', '전력을다하다'),
(247, 'expand', '확장하다확대하다'),
(248, 'advanced', '고급의진보한앞선'),
(249, 'postpone', '연기하다뒤로미루다'),
(250, 'additional', '추가의부가적인'),
(251, 'appreciate', '고맙게생각높이평가'),
(252, 'demonstration', '설명드러냄시연'),
(253, 'buy', '사다구입하다'),
(254, 'examine', '조사하다'),
(255, 'effective', '효과적인'),
(256, 'like', '좋아하다'),
(257, 'especially', '특히'),
(258, 'closely', '면밀히엄밀히'),
(259, 'reserve', '예약지정보존하다'),
(260, 'cooperate', '협력하다협동하다'),
(261, 'very', '매우대단히아주'),
(262, 'consecutive', '연속적인'),
(263, 'expectation', '예상기대'),
(264, 'publicize', '공표광고선전하다'),
(265, 'raise', '의문을제기하다'),
(266, 'extremely', '극도로대단히'),
(267, 'affect', '에영향을미치다'),
(268, 'target', '목표목표로삼다'),
(269, 'campaign', '운동캠페인'),
(270, 'probable', '개연성이높은유망한'),
(271, 'focus', '집중시키다집중하다'),
(272, 'seasonal', '계절의계절적인'),
(273, 'impact', '영향충격'),
(274, 'comparison', '비교'),
(275, 'gap', '격차'),
(276, 'mounting', '증가하는오르는'),
(277, 'reflective', '반영하는'),
(278, 'advertisement', '광고'),
(279, 'marginal', '약간의주변의'),
(280, 'customer', '고객'),
(281, 'influence', '에영향을주다영향'),
(282, 'instantly', '즉각적으로즉시'),
(283, 'creative', '창조적인독창적인'),
(284, 'aggressively', '적극적으로'),
(285, 'aim', '을겨누다목표목적'),
(286, 'strategy', '전략'),
(287, 'indicate', '보여주다나타내다'),
(288, 'attract', '끌다유인하다'),
(289, 'experience', '경험하다'),
(290, 'analyze', '분석하다'),
(291, 'introduce', '신제품을발표소개하다'),
(292, 'advise', '조언해주다충고하다'),
(293, 'subscribe', '구독하다'),
(294, 'absence', '부재결근결석'),
(295, 'means', '방법수단'),
(296, 'prefer', '다른것보다더좋아하다'),
(297, 'advantage', '이점강점'),
(298, 'forward', '정보를보내다'),
(299, 'contemporary', '동시대의현대의당대의'),
(300, 'discussion', '토론토의'),
(301, 'initial', '처음의최초의'),
(302, 'steadily', '착실하게꾸준히'),
(303, 'necessarily', '반드시'),
(304, 'resolve', '문제등을해결하다'),
(305, 'detect', '간파하다탐지하다'),
(306, 'intensify', '강화하다'),
(307, 'favorably', '호의적으로순조롭게'),
(308, 'cover', '포함하다지불하다덮다'),
(309, 'less', '보다적은덜한'),
(310, 'majority', '대부분대다수'),
(311, 'adopt', '채택하다'),
(312, 'largely', '주로대부분'),
(313, 'disregard', '소홀히하다무시하다'),
(314, 'effort', '노력'),
(315, 'incentive', '혜택장려금'),
(316, 'need', '할필요가있다.'),
(317, 'mastermind', '지휘조종하는사람'),
(318, 'stagnant', '침체된불경기의'),
(319, 'dramatically', '극적으로'),
(320, 'brisk', '활발한호황의'),
(321, 'unstable', '불안정한변하기쉬운'),
(322, 'rapidly', '급속히빨리'),
(323, 'soar', '물가등이폭등하다'),
(324, 'assert', '단언주장하다'),
(325, 'boost', '경기를부양상승시키다'),
(326, 'analyst', '분석가'),
(327, 'potential', '잠재적인'),
(328, 'pleased', '만족해하는기쁜'),
(329, 'remain', '계속한상태로남아있다'),
(330, 'costly', '비용이많이드는'),
(331, 'particular', '특정한독특한'),
(332, 'drastic', '과감한급격한'),
(333, 'evenly', '고르게균등하게'),
(334, 'evidence', '증거'),
(335, 'prospect', '전망예상'),
(336, 'fall', '가을값가치가하락하다'),
(337, 'indicator', '지표지수'),
(338, 'industry', '산업'),
(339, 'likely', '할것같은'),
(340, 'boom', '호황'),
(341, 'director', '임원책임자'),
(342, 'substitute', '대용품대신하다'),
(343, 'consequence', '결과'),
(344, 'fairly', '상당히꽤'),
(345, 'economical', '경제적인절약되는'),
(346, 'thrive', '번영하다성공하다'),
(347, 'implication', '영향밀접한관계'),
(348, 'wane', '감소감퇴'),
(349, 'prosperity', '번영'),
(350, 'depression', '불황'),
(351, 'dwindle', '줄어들다감소되다'),
(352, 'impede', '저해하다방해하다'),
(353, 'promising', '유망한전망이좋은'),
(354, 'adversity', '역경불운'),
(355, 'purchase', '구매하다구매'),
(356, 'installment', '할부'),
(357, 'affordable', '가격이알맞은감당할수있는'),
(358, 'exactly', '정확히'),
(359, 'auction', '경매'),
(360, 'authentic', '진정한진짜의진품의'),
(361, 'notice', '통지공고'),
(362, 'instruction', '설명지시'),
(363, 'expert', '전문가전문가의전문적인'),
(364, 'warranty', '품질등의보증보증서'),
(365, 'refund', '환불환불금'),
(366, 'subscriber', '가입자구독자'),
(367, 'delivery', '배달'),
(368, 'price', '가격'),
(369, 'receipt', '영수증'),
(370, 'offer', '제공하다제공오퍼'),
(371, 'carefully', '주의깊게신중히'),
(372, 'benefit', '혜택이익'),
(373, 'exclusively', '오로지독점적으로'),
(374, 'description', '제품등의설명해설'),
(375, 'relatively', '상대적으로'),
(376, 'spare', '아끼다예비의여분의'),
(377, 'preparation', '준비대비'),
(378, 'area', '지역구역'),
(379, 'clearance', '정리없애기허가'),
(380, 'alter', '성질형상을고치다바꾸다'),
(381, 'apply', '적용하다지원하다'),
(382, 'mutually', '서로상호간에'),
(383, 'method', '방식방법'),
(384, 'acceptable', '받아들일수있는'),
(385, 'desire', '욕구갈망원하다바라다'),
(386, 'redeemable', '현금상품교환환급할수있는'),
(387, 'officially', '공식적으로'),
(388, 'consumption', '소비소모'),
(389, 'qualify', '의자격을얻다'),
(390, 'fabric', '섬유천'),
(391, 'valid', '유효한'),
(392, 'vendor', '노점상가판대판매업체'),
(393, 'research', '연구조사'),
(394, 'devise', '고안하다발명하다'),
(395, 'revolutionary', '혁명적인'),
(396, 'innovative', '혁신적인'),
(397, 'feature', '특징특색특징으로삼다'),
(398, 'inspiration', '영감'),
(399, 'sufficiently', '충분히'),
(400, 'patent', '특허특허권특허품'),
(401, 'envision', '장래의일등을계획하다'),
(402, 'extend', '연장하다기간을늘리다'),
(403, 'following', '후에다음의다음에오는'),
(404, 'intend', '할작정이다의도하다'),
(405, 'grant', '학위수여학비보조금'),
(406, 'allow', '허락하다'),
(407, 'inspect', '을검사조사하다'),
(408, 'improve', '향상시키다개선하다'),
(409, 'increasingly', '점점더욱더'),
(410, 'invest', '투자하다운용하다'),
(411, 'various', '여러가지의가지각색의'),
(412, 'upgrade', '개량개선하다'),
(413, 'manual', '설명서안내서'),
(414, 'explore', '조사하다탐구하다'),
(415, 'response', '응답대답'),
(416, 'appearance', '외관외모'),
(417, 'successful', '성공적인성공한'),
(418, 'hold', '을개최하다붙잡다'),
(419, 'advance', '진보전진'),
(420, 'reliable', '믿을만한신뢰할수있는'),
(421, 'quality', '품질질'),
(422, 'domestic', '국내의국산의'),
(423, 'development', '개발발전'),
(424, 'availability', '입수가능성'),
(425, 'update', '갱신하다'),
(426, 'accurate', '정확한'),
(427, 'complicate', '복잡한문제'),
(428, 'accomplished', '숙련된노련한'),
(429, 'inquiry', '문의질문'),
(430, 'indication', '징후조짐'),
(431, 'manufacturer', '제조회사제조업자'),
(432, 'compatible', '호환양립할수있는'),
(433, 'superior', '우수한상급의'),
(434, 'absolute', '완전한완전무결한'),
(435, 'broaden', '넓히다'),
(436, 'corrosion', '부식'),
(437, 'epuipment', '장비설비'),
(438, 'automate', '자동화하다'),
(439, 'specification', '명세서설명서사양'),
(440, 'properly', '제대로정확하게'),
(441, 'safety', '안전'),
(442, 'precaution', '예방조치예방책'),
(443, 'operate', '기계등이작동하다'),
(444, 'processing', '가공처리'),
(445, 'capacity', '용량수용력역할'),
(446, 'assemble', '부품기계등을조립하다'),
(447, 'utilize', '이용하다활용하다'),
(448, 'place', '을한상태에두다'),
(449, 'fill', '을채우다이행하다'),
(450, 'manufacturing', '제조업의'),
(451, 'renovate', '개조하다'),
(452, 'decision', '결정판단'),
(453, 'material', '재료물질'),
(454, 'success', '성과성공'),
(455, 'attribute', '의덕분으로돌리다'),
(456, 'efficiency', '효율능률'),
(457, 'limit', '한계제한'),
(458, 'tailored', '맞춤의주문에따라맞춘'),
(459, 'component', '부품구성요소'),
(460, 'capable', '을할수있는'),
(461, 'economize', '절약하다아끼다'),
(462, 'flexible', '융통성있는유연한'),
(463, 'comparable', '필적하는비교되는'),
(464, 'produce', '생산하다'),
(465, 'respectively', '각각따로'),
(466, 'device', '장치'),
(467, 'trim', '깍아다듬다삭감하다'),
(468, 'launch', '신제품을출시하다'),
(469, 'separately', '개별적으로따로따로'),
(470, 'expiration', '기간임기등의만료만기'),
(471, 'maneuver', '이동시키다움직이다'),
(472, 'coming', '다가오는'),
(473, 'damaged', '손상된손해를입은'),
(474, 'prevent', '을막다을예방하다'),
(475, 'power', '전력전기'),
(476, 'chemical', '화학제품'),
(477, 'complaint', '불평'),
(478, 'deal', '처리거래분배하다'),
(479, 'argumentative', '논쟁을좋아하는'),
(480, 'appropriately', '적절하게'),
(481, 'respond', '응답하다'),
(482, 'infuriate', '화나게격분시키다'),
(483, 'curteous', '예의바른'),
(484, 'satisfaction', '만족'),
(485, 'inconvenience', '불편함'),
(486, 'complete', '완료완성하다'),
(487, 'specific', '구체적인명확한'),
(488, 'return', '반환하다반송하다'),
(489, 'replace', '을교체대체하다'),
(490, 'presentation', '발표'),
(491, 'evaluation', '평가'),
(492, 'confident', '자신있는'),
(493, 'cause', '을야기원인이되다'),
(494, 'commentary', '해설설명'),
(495, 'notification', '통지'),
(496, 'apologize', '사과하다'),
(497, 'interact', '소통하다교류하다'),
(498, 'certain', '확신하는확실한특정한'),
(499, 'commitment', '헌신전념'),
(500, 'applaud', '칭찬박수를보내다'),
(501, 'biography', '약력전기'),
(502, 'critical', '비판적인중요한위기의'),
(503, 'dependon', '에게의존하다'),
(504, 'combine', '결합시키다'),
(505, 'priority', '우선권우선사항'),
(506, 'observe', '관찰준수지키다'),
(507, 'defective', '결함이있는'),
(508, 'reflect', '반영하다나타내다'),
(509, 'attitude', '태도마음가짐'),
(510, 'disappoint', '실망시키다'),
(511, 'inquire', '문의하다질문하다'),
(512, 'insert', '삽입하다'),
(513, 'disclose', '공개하다드러내다'),
(514, 'guarantee', '보장하다보장'),
(515, 'politely', '공손하게'),
(516, 'seriously', '진지하게'),
(517, 'international', '국제적인'),
(518, 'attraction', '관광명소'),
(519, 'itinerary', '여행일정'),
(520, 'exotic', '이국적인매혹적인'),
(521, 'diverse', '다양한'),
(522, 'superb', '최고의뛰어난'),
(523, 'baggage', '수화물'),
(524, 'destination', '목적지'),
(525, 'missing', '분실된없어진'),
(526, 'locate', '의위치를찾아내다'),
(527, 'approximately', '대략'),
(528, 'duty', '관세세금직무의무'),
(529, 'process', '과정처리하다'),
(530, 'board', '탑승하다이사회'),
(531, 'comfortable', '편안한'),
(532, 'declare', '세관에서신고하다'),
(533, 'specify', '열거명시하다'),
(534, 'depart', '출발하다'),
(535, 'emergency', '비상시비상사태'),
(536, 'passenger', '승객'),
(537, 'outgoing', '장소를출발하는떠나는'),
(538, 'tighly', '단단히꽉'),
(539, 'tour', '견학짧은여행'),
(540, 'carrier', '항공사수송기수송회사'),
(541, 'customarily', '관례상습관적으로'),
(542, 'confuse', '혼란시키다'),
(543, 'arrive', '도착하다'),
(544, 'brochure', '홍보용소책자브로셔'),
(545, 'involve', '수반포함참여시키다'),
(546, 'ship', '선박으로수송하다'),
(547, 'suitcase', '여행가방'),
(548, 'unavailable', '이용할수없는'),
(549, 'fillout', '서류에기입하다'),
(550, 'customs', '세관'),
(551, 'away', '떨어져서'),
(552, 'dramatic', '멋진극적인급격한'),
(553, 'hospitality', '환대친절'),
(554, 'indulge', '빠지다탐닉하다'),
(555, 'proximity', '가까움근접함'),
(556, 'seating', '집합적좌석설비'),
(557, 'unlimited', '무제한의'),
(558, 'proposal', '제안계획'),
(559, 'alliance', '동맹제휴'),
(560, 'stipulation', '계약조건'),
(561, 'term', '조건임기기한'),
(562, 'compromise', '타협화해'),
(563, 'negotiation', '협상교섭'),
(564, 'agreement', '계약협정합의'),
(565, 'deadlock', '교착상태'),
(566, 'review', '검토하다재조사하다'),
(567, 'contract', '계약서계약하다수축하다'),
(568, 'signature', '서명'),
(569, 'originally', '원래처음에는'),
(570, 'direction', '방향지시감독'),
(571, 'initially', '처음에초기에'),
(572, 'expire', '계약등이만료되다'),
(573, 'collaborate', '협력공동으로일하다'),
(574, 'dedicate', '전념헌신하다'),
(575, 'revised', '수정된변경된'),
(576, 'imperative', '필수적인'),
(577, 'cooperatively', '협력하여협조적으로'),
(578, 'commission', '수수료'),
(579, 'omit', '빠뜨리다생략하다'),
(580, 'conflict', '대립충돌갈등'),
(581, 'renew', '계약등을갱신하다'),
(582, 'proficient', '능숙한능한'),
(583, 'confidentiality', '기밀비밀'),
(584, 'dispute', '분쟁논쟁'),
(585, 'objection', '반대이익'),
(586, 'define', '규정하다정의하다'),
(587, 'impression', '인상'),
(588, 'security', '보안안전보호'),
(589, 'option', '선택권'),
(590, 'proceed', '일을진행하다진척되다'),
(591, 'modify', '수정하다일부변경하다'),
(592, 'narrow', '범위등을좁히다'),
(593, 'bid', '입찰'),
(594, 'settle', '해결하다처리하다'),
(595, 'terminate', '끝내다종결시키다'),
(596, 'challenging', '도전적인힘든'),
(597, 'foundation', '토대기초'),
(598, 'completely', '전적으로완전히'),
(599, 'refuse', '거절하다'),
(600, 'temporarily', '일시적으로'),
(601, 'dealer', '판매업자상인'),
(602, 'bulk', '대량의'),
(603, 'inventory', '재고품재고목록'),
(604, 'short', '부족한'),
(605, 'cost', '비용'),
(606, 'selection', '선택된것정선품'),
(607, 'commercial', '상업의상업적인광고'),
(608, 'order', '주문하다주문주문품'),
(609, 'provide', '공급하다제공하다'),
(610, 'contact', '와연락하다'),
(611, 'invoice', '송장'),
(612, 'move', '옮기다이동이사'),
(613, 'supply', '공급하다'),
(614, 'discount', '할인'),
(615, 'distribute', '배포하다배급하다'),
(616, 'acquisition', '인수구입한것'),
(617, 'assure', '에게보장안심시키다'),
(618, 'subject', '영향을받기쉬운'),
(619, 'seek', '구하다찾다'),
(620, 'satisfactory', '만족스러운'),
(621, 'confirmation', '확인확증'),
(622, 'unable', '할수없는'),
(623, 'payment', '지불금액납입금액'),
(624, 'measure', '조치수단측정하다'),
(625, 'bargain', '특가품흥정'),
(626, 'stock', '재고주식'),
(627, 'affordability', '감당할수있는비용'),
(628, 'clientele', '집합적의뢰인고객들'),
(629, 'acclaim', '호평찬사'),
(630, 'represent', '을대표하다'),
(631, 'rating', '등급평가'),
(632, 'encompass', '포함하다둘러싸다'),
(633, 'finalize', '마무리짓다완결하다'),
(634, 'market', '시장'),
(635, 'retail', '소매'),
(636, 'commodity', '상품산물'),
(637, 'quote', '견적액견적을내다'),
(638, 'consignment', '위탁판매'),
(639, 'fragile', '깨지기쉬운'),
(640, 'perishable', '부패하기쉬운'),
(641, 'deliver', '배달하다연설을하다'),
(642, 'ensure', '확실하게하다보장하다'),
(643, 'courier', '급송택배운반인'),
(644, 'carton', '큰판지상자'),
(645, 'address', '주소처리하다다루다'),
(646, 'shipment', '선적화물의발송'),
(647, 'particularly', '특히'),
(648, 'adequately', '적절히'),
(649, 'article', '물품물건기사논설'),
(650, 'efficient', '효과능률적인'),
(651, 'agency', '대행회사대리점'),
(652, 'enclose', '을동봉하다애워싸다'),
(653, 'careful', '조심스러운주의깊은'),
(654, 'pickup', '을찾다도중에태우다'),
(655, 'carry', '나르다'),
(656, 'attach', '붙이다'),
(657, 'formerly', '이전에'),
(658, 'package', '소포꾸러미'),
(659, 'react', '반응하다대응하다'),
(660, 'content', '내용물'),
(661, 'convenience', '편의편리'),
(662, 'acknowledge', '인정알리다감사하다'),
(663, 'caution', '주의조심'),
(664, 'correspondence', '편지통신문'),
(665, 'separate', '분리하다분류하다'),
(666, 'remarkable', '현저한두드러진'),
(667, 'handle', '취급하다다루다'),
(668, 'warehouse', '창고저장소'),
(669, 'impose', '세금등을부과하다'),
(670, 'storage', '보관소저장소'),
(671, 'attach', '붙이다'),
(672, 'detach', '분리떼다'),
(673, 'envelope', '봉투'),
(674, 'exclusion', '제외배제'),
(675, 'recipient', '수신자'),
(676, 'affix', '우표등을붙이다'),
(677, 'incorrect', '부정확한'),
(678, 'oblige', '어쩔수없이강요하다'),
(679, 'step', '단계조치수단'),
(680, 'checkin', '숙박수속을하다'),
(681, 'compensate', '보상하다'),
(682, 'complimentary', '무료의우대의'),
(683, 'chef', '주방장'),
(684, 'container', '용기그릇'),
(685, 'elegant', '우아한고상한'),
(686, 'flavor', '맛풍미'),
(687, 'accommodate', '수용숙박시키다'),
(688, 'available', '가능한시간이있는'),
(689, 'reception', '접수처'),
(690, 'inadvance', '미리사전에'),
(691, 'refreshments', '다과가벼운음식물'),
(692, 'make', '을하다을만들다'),
(693, 'cater', '음식물을공급하다'),
(694, 'reservation', '예약지정보호구역'),
(695, 'beverage', '음료'),
(696, 'confirm', '확인하다'),
(697, 'cancel', '취소하다'),
(698, 'rate', '요금'),
(699, 'conviniently', '편리하게'),
(700, 'decorate', '장식하다'),
(701, 'information', '정보자료'),
(702, 'retain', '유지하다보유하다'),
(703, 'atmosphere', '분위기환경'),
(704, 'cuisine', '독특한요리'),
(705, 'sequence', '순서차례'),
(706, 'extensive', '광범위한넓은'),
(707, 'prior', '전의먼저의'),
(708, 'book', '예약하다'),
(709, 'amenity', '편의시설'),
(710, 'belongings', '소지품소유물'),
(711, 'entirely', '완전히'),
(712, 'ease', '완화시키다쉬움용이함'),
(713, 'ingredient', '재료성분'),
(714, 'sip', '음미하며마시다홀짝거리다'),
(715, 'stir', '휘젓다뒤섞다'),
(716, 'choice', '선택물선택사항선택'),
(717, 'complication', '복잡한문제'),
(718, 'freshness', '신선함'),
(719, 'occupancy', '호텔등의이용률'),
(720, 'decline', '감소하락거절하다'),
(721, 'markedly', '현저하게눈에띄게'),
(722, 'increase', '인상증가증가하다'),
(723, 'revenue', '수입'),
(724, 'projection', '예상치'),
(725, 'substantial', '상당한'),
(726, 'anticipate', '예상하다기대하다'),
(727, 'significantly', '상당히두드러지게'),
(728, 'estimate', '추정하다추산하다'),
(729, 'shift', '옮기다이동교대근무'),
(730, 'fee', '요금수수료'),
(731, 'production', '생산량생산'),
(732, 'impressive', '굉장한인상적인'),
(733, 'representative', '직원외판원대표자'),
(734, 'recent', '최근의'),
(735, 'exceed', '을초과하다'),
(736, 'improvement', '향상'),
(737, 'employer', '고용주'),
(738, 'regular', '정기적인단골의'),
(739, 'summarize', '요약하다'),
(740, 'typically', '보통일반적으로'),
(741, 'whole', '전체의온전한'),
(742, 'growth', '성장발전'),
(743, 'figure', '총액합계수'),
(744, 'steady', '꾸준한안정된'),
(745, 'frequent', '빈번한잦은'),
(746, 'achieve', '달성하다성취하다'),
(747, 'assumption', '추정산정가정'),
(748, 'incur', '손실을입다빚을지다'),
(749, 'slightly', '약간'),
(750, 'profit', '수익이익'),
(751, 'reliant', '의존하는의지하는'),
(752, 'illustrate', '분명히보여주다'),
(753, 'inaccurate', '부정확한'),
(754, 'percentage', '비율백분율'),
(755, 'reduce', '줄이다감소시키다'),
(756, 'tend', '하는경향이있다'),
(757, 'audit', '회계감사심사'),
(758, 'accounting', '회계'),
(759, 'budget', '예산'),
(760, 'financial', '재정의금전상의'),
(761, 'curtail', '을줄이다삭감하다'),
(762, 'deficit', '적자부족액'),
(763, 'recently', '최근에'),
(764, 'substantially', '크게상당히'),
(765, 'committee', '위원회'),
(766, 'frequently', '자주흔히'),
(767, 'capability', '능력역량'),
(768, 'proceeds', '수익금'),
(769, 'reimburse', '변제하다상환하다'),
(770, 'considerably', '상당히많이'),
(771, 'adequate', '충분한적절한'),
(772, 'total', '총계의전부의'),
(773, 'allocate', '할당하다배분하다'),
(774, 'inspector', '조사관감독관'),
(775, 'preferred', '선호되는우선의'),
(776, 'quarter', '사분의일'),
(777, 'interrupt', '중단방해하다'),
(778, 'browse', '흝어보다둘러보다'),
(779, 'prompt', '즉각적인신속한'),
(780, 'deduct', '공제빼다'),
(781, 'measurement', '측정측량치수'),
(782, 'shorten', '단축하다짧게하다'),
(783, 'amend', '수정하다'),
(784, 'calculate', '계산하다산출하다'),
(785, 'exempt', '면제된이없는'),
(786, 'deficient', '부족한불충분한'),
(787, 'compare', '비교하다'),
(788, 'fortunate', '운좋은'),
(789, 'expenditure', '지출비용'),
(790, 'accurately', '정확하게'),
(791, 'worth', '의가치가있는'),
(792, 'excess', '초과초과량'),
(793, 'fiscal', '회계의재정상의'),
(794, 'incidental', '부수적인'),
(795, 'inflation', '물가상승'),
(796, 'liable', '하기쉬운책임져야할'),
(797, 'spend', '을쓰다소비하다'),
(798, 'turnover', '총매상고이직률'),
(799, 'announce', '발표하다'),
(800, 'interested', '관련관심이있는'),
(801, 'active', '적극적인활발한'),
(802, 'accept', '수락하다승낙하다'),
(803, 'foresee', '예견하다예감하다'),
(804, 'expansion', '확장팽창'),
(805, 'relocate', '공장등을이전하다'),
(806, 'competitor', '경쟁업체경쟁자'),
(807, 'asset', '자산'),
(808, 'contribute', '기여하다공헌하다'),
(809, 'dedicated', '전념하는헌신적인'),
(810, 'misplace', '잃어버리다'),
(811, 'considerable', '정도나양이상당한'),
(812, 'last', '지속되다'),
(813, 'emerge', '나타나다'),
(814, 'merge', '합병병합하다'),
(815, 'imply', '암시하다'),
(816, 'vital', '필수적인'),
(817, 'persist', '집요하게계속하다'),
(818, 'independent', '독립적인독자적인'),
(819, 'force', '세력'),
(820, 'establish', '설립하다'),
(821, 'initiate', '시작하다'),
(822, 'enhance', '향상강화하다'),
(823, 'renowned', '저명한유명한'),
(824, 'informed', '정보에근거한'),
(825, 'minutes', '회의록'),
(826, 'waive', '포기하다'),
(827, 'authority', '권한당국'),
(828, 'acquire', '취득하다'),
(829, 'surpass', '을능가하다넘어서다'),
(830, 'run', '을운영하다경영하다'),
(831, 'improbable', '일어날것같지않은'),
(832, 'edge', '우위유리함가장자리끝'),
(833, 'coincidentally', '우연의일치'),
(834, 'simultaneously', '동시에'),
(835, 'reveal', '밝히다누설하다'),
(836, 'productivity', '생산성'),
(837, 'uncertain', '확신이없는불확실한'),
(838, 'premier', '으뜸의첫째의'),
(839, 'agenda', '의제의사일정'),
(840, 'convene', '모이다개최되다'),
(841, 'refute', '부인하다반박하다'),
(842, 'coordination', '조정'),
(843, 'unanimous', '만장일치로동의하는'),
(844, 'convince', '납득확신시키다'),
(845, 'consensus', '여론일치된의견'),
(846, 'defer', '연기하다미루다'),
(847, 'usually', '보통일반적으로'),
(848, 'reschedule', '일정을바꾸다'),
(849, 'meeting', '회의'),
(850, 'determine', '알아내다결정하다'),
(851, 'comment', '논평하다언급하다'),
(852, 'phase', '단계'),
(853, 'approve', '승인하다찬성하다'),
(854, 'enclosed', '동봉된'),
(855, 'easy', '쉬운용이한'),
(856, 'record', '기록경력이력'),
(857, 'suggestion', '제안'),
(858, 'attention', '주의경청'),
(859, 'object', '반대하다'),
(860, 'coincidentally', '동시에우연히일치하게'),
(861, 'crowded', '붐비는복잡한'),
(862, 'undergo', '겪다거치다경험하다'),
(863, 'outcome', '결과'),
(864, 'narrowly', '주의깊게좁게'),
(865, 'differ', '의견을달리하다다르다'),
(866, 'discuss', '논의하다토론하다'),
(867, 'give', '연설수업등을하다'),
(868, 'brief', '에게간단히설명하다'),
(869, 'distract', '주의를산만하게하다'),
(870, 'emphasis', '강조중점'),
(871, 'press', '언론계보도기관누르다'),
(872, 'organize', '조직하다'),
(873, 'mention', '언급하다'),
(874, 'persuasive', '설득력있는'),
(875, 'understanding', '이해심있는'),
(876, 'adjourn', '회의등을휴회하다'),
(877, 'constructive', '건설적인'),
(878, 'preside', '회의의사회를보다'),
(879, 'irrelevant', '관계가없는무관한'),
(880, 'constraint', '제한'),
(881, 'host', '대회등을주최하다'),
(882, 'annual', '매년의'),
(883, 'purpose', '목적의도'),
(884, 'enroll', '등록하다'),
(885, 'lecture', '강의강연'),
(886, 'participant', '참가자'),
(887, 'attend', '참석하다출석하다'),
(888, 'encourage', '장려하다복돋아주다'),
(889, 'leave', '휴가떠나다남기다'),
(890, 'recommendation', '추천사항추천'),
(891, 'conference', '회의회담'),
(892, 'schedule', '을예정하다'),
(893, 'include', '포함하다'),
(894, 'result', '결과의결과로되다'),
(895, 'register', '등록하다'),
(896, 'require', '요구하다'),
(897, 'grateful', '고마워하는감사하는'),
(898, 'overtime', '초과근무야근'),
(899, 'responsibility', '부담책임의무'),
(900, 'assent', '찬성하다승인동의'),
(901, 'regard', '으로생각하다'),
(902, 'tentative', '임시적인잠정적인'),
(903, 'welcome', '반가운기꺼이받아들여지는'),
(904, 'function', '행사연회'),
(905, 'commence', '시작되다'),
(906, 'objective', '목표목적'),
(907, 'excited', '신이난들뜬'),
(908, 'reimbursement', '상환변제배상'),
(909, 'treatment', '대우처우'),
(910, 'honor', '존경명예'),
(911, 'emphasize', '강조하다'),
(912, 'entry', '참가자출품물'),
(913, 'bonus', '상여금보너스'),
(914, 'salary', '급여'),
(915, 'earn', '금전등을벌다'),
(916, 'arise', '발생일어나다'),
(917, 'labor', '노동'),
(918, 'union', '노동조합'),
(919, 'existing', '기존의현행의'),
(920, 'exploit', '착취부당하게이용하다'),
(921, 'appoint', '임명하다지명하다'),
(922, 'appraisal', '평가'),
(923, 'promote', '승진시키다촉진하다'),
(924, 'skilled', '숙련된노련한'),
(925, 'radically', '완전히근본적으로'),
(926, 'exceptional', '뛰어난예외적인'),
(927, 'appreciation', '감사'),
(928, 'evaluate', '평가하다'),
(929, 'suggest', '제안하다추천하다'),
(930, 'preference', '선호'),
(931, 'management', '경영진경영'),
(932, 'predict', '예측하다'),
(933, 'transfer', '보내다전근시키다'),
(934, 'award', '상장'),
(935, 'reward', '보상하다'),
(936, 'mandatory', '의무적인'),
(937, 'competent', '유능한능숙한'),
(938, 'performance', '실적성과공연연주연기'),
(939, 'reward', '에보답보상하다'),
(940, 'search', '찾기수색조사'),
(941, 'inexperienced', '경험없는미숙한'),
(942, 'early', '시간상이른조기의'),
(943, 'designate', '지명하다지정하다'),
(944, 'executive', '경영의관리의'),
(945, 'dedication', '헌신'),
(946, 'unanimously', '만장일치로'),
(947, 'progress', '진보하다발전하다'),
(948, 'congratulate', '축하하다'),
(949, 'dismiss', '해임하다해고하다'),
(950, 'independence', '독립성'),
(951, 'participation', '참여참가가입'),
(952, 'praise', '칭찬'),
(953, 'accomplishment', '성과업적'),
(954, 'deliberation', '토의심의숙고'),
(955, 'leadership', '리더십지도력'),
(956, 'retire', '퇴직하다은퇴하다'),
(957, 'nomination', '임명지명'),
(958, 'reorganize', '재편성하다재조직하다'),
(959, 'serve', '근무하다일하다'),
(960, 'encouragement', '격려'),
(961, 'resignation', '사임사직사직서'),
(962, 'strictly', '엄격히'),
(963, 'congestion', '교통의체증혼잡'),
(964, 'alleviate', '완화하다'),
(965, 'divert', '우회다른곳으로돌리다'),
(966, 'detour', '우회'),
(967, 'fuel', '연료'),
(968, 'malfunction', '오작동기능불량'),
(969, 'permit', '허락하다허가증'),
(970, 'transportation', '교통수단운송수단'),
(971, 'opportunity', '기회'),
(972, 'clearly', '명확히'),
(973, 'ongoing', '계속진행중인'),
(974, 'detailed', '상세한'),
(975, 'alternative', '대안대체다른대신의'),
(976, 'obtain', '획득하다얻다'),
(977, 'designated', '지정된'),
(978, 'intersection', '교차로교차지점'),
(979, 'equip', '갖추다설비하다'),
(980, 'commute', '통근하다'),
(981, 'downtown', '시내에서도심지로'),
(982, 'automotive', '자동차의'),
(983, 'closure', '폐쇄'),
(984, 'vehicle', '차량운송수단'),
(985, 'platform', '승강장'),
(986, 'official', '공무원관리공식적인'),
(987, 'transit', '교통수송통과하다'),
(988, 'fare', '교통요금'),
(989, 'expense', '비용지출'),
(990, 'trust', '신뢰신임하다'),
(991, 'head', '의방향으로향하게하다'),
(992, 'fine', '벌금'),
(993, 'pass', '지나가다통과하다'),
(994, 'securely', '단단하게튼튼하게'),
(995, 'prominently', '눈에잘띄게두드러지게'),
(996, 'reserved', '예약된예약한지정된'),
(997, 'average', '평균치평균'),
(998, 'collision', '충돌'),
(999, 'tow', '견인하다'),
(1000, 'reverse', '뒤의반대의'),
(1001, 'obstruct', '차단하다막다'),
(1002, 'delinquent', '세금등이연체된미불의'),
(1003, 'overdue', '지불기한이지난'),
(1004, 'regrettably', '유감스럽게도'),
(1005, 'balance', '잔고차감잔액'),
(1006, 'deposit', '입금하다예금하다'),
(1007, 'investigation', '조사'),
(1008, 'account', '계좌설명고려'),
(1009, 'statement', '명세서성명서'),
(1010, 'amount', '액수양'),
(1011, 'withdrawal', '예금의인출'),
(1012, 'previously', '이전에'),
(1013, 'due', '지불기일이만기가된'),
(1014, 'receive', '받다수취하다'),
(1015, 'expect', '예상하다기대하다'),
(1016, 'certificate', '증명서증서'),
(1017, 'document', '서류문서'),
(1018, 'spending', '소비지출'),
(1019, 'successfully', '성공적으로'),
(1020, 'pleasure', '즐거움기쁜영광'),
(1021, 'study', '연구'),
(1022, 'summary', '요약개요'),
(1023, 'temporary', '임시의'),
(1024, 'lower', '양가격을줄이다'),
(1025, 'transaction', '거래업무'),
(1026, 'double', '두배로만들다'),
(1027, 'identification', '신분증신분증명서'),
(1028, 'dissatisfaction', '불만불평'),
(1029, 'incommon', '공통으로공동으로'),
(1030, 'interest', '관심있는대출이자'),
(1031, 'reject', '거절하다거부하다'),
(1032, 'relation', '관계'),
(1033, 'tentatively', '임시로시험적으로'),
(1034, 'alternatively', '그렇지않으면그대신에'),
(1035, 'attentive', '주의깊은세심한'),
(1036, 'convert', '전환하다변환하다'),
(1037, 'heavily', '몹시심하게'),
(1038, 'loan', '대출대출금'),
(1039, 'unexpected', '예기치않은'),
(1040, 'cash', '현금으로바꾸다'),
(1041, 'mortgage', '담보대출'),
(1042, 'payable', '지불해야하는'),
(1043, 'personal', '개인의'),
(1044, 'investment', '투자투자금'),
(1045, 'incrative', '수익성있는'),
(1046, 'inherently', '본질적으로'),
(1047, 'secure', '고정확보하다'),
(1048, 'innate', '타고난'),
(1049, 'property', '재산'),
(1050, 'onbehalfof', '을대신해서'),
(1051, 'lease', '임대차계약'),
(1052, 'propose', '제안하다'),
(1053, 'distributuion', '분배배급'),
(1054, 'consider', '고려하다'),
(1055, 'nearly', '거의대략'),
(1056, 'consent', '허락동의하다'),
(1057, 'gratitude', '고마움감사'),
(1058, 'consult', '상의하다상담하다'),
(1059, 'advice', '조언충고'),
(1060, 'partially', '부분적으로일부분은'),
(1061, 'evident', '분명한명백한'),
(1062, 'reliability', '신뢰도믿음직함'),
(1063, 'cautious', '조심하는신중한'),
(1064, 'insight', '식견통찰력'),
(1065, 'portfolio', '투자자산구성'),
(1066, 'possible', '가능한있음직한'),
(1067, 'speculation', '추측'),
(1068, 'solely', '혼자서전적으로'),
(1069, 'entrepreneur', '사업가'),
(1070, 'eventually', '결국마침내'),
(1071, 'shareholder', '주주'),
(1072, 'outlook', '전망'),
(1073, 'stability', '안정안정성'),
(1074, 'bond', '채권'),
(1075, 'depreciation', '가치하락'),
(1076, 'increasing', '증가하는'),
(1077, 'prevalent', '유행하는널리퍼진'),
(1078, 'rapid', '빠른신속한'),
(1079, 'unprecedented', '전례없는'),
(1080, 'yield', '이익을산출하다'),
(1081, 'furnished', '가구가비치된'),
(1082, 'residence', '거주지주택'),
(1083, 'spacious', '공간이넓은'),
(1084, 'drape', '장식하다'),
(1085, 'occupy', '차지하다점유하다'),
(1086, 'unoccupied', '집등이비어있는'),
(1087, 'renovation', '수리개조'),
(1088, 'appropriate', '적당한적합한'),
(1089, 'delay', '뒤로미루다'),
(1090, 'community', '지역사회공동체'),
(1091, 'construction', '건설건축'),
(1092, 'repair', '수리하다'),
(1093, 'currently', '현재'),
(1094, 'regularly', '정기적으로'),
(1095, 'arrange', '배열하다정돈하다'),
(1096, 'restore', '복구회복시키다'),
(1097, 'presently', '현재'),
(1098, 'numerous', '많은'),
(1099, 'abandon', '그만두다버리다'),
(1100, 'contractor', '계약자도급업자'),
(1101, 'develop', '개발하다'),
(1102, 'maintain', '유지하다관리하다'),
(1103, 'densely', '빽빽이밀집하여'),
(1104, 'prepare', '준비하다채비를갖추다'),
(1105, 'finally', '결국마침내'),
(1106, 'district', '지역지구'),
(1107, 'renewal', '재개발'),
(1108, 'compulsory', '의무적인'),
(1109, 'interfere', '방해하다해치다'),
(1110, 'relocation', '이전재배치'),
(1111, 'totally', '완전히전적으로'),
(1112, 'actually', '실제로사실은'),
(1113, 'architect', '건축가'),
(1114, 'enlarge', '확장하다확대하다'),
(1115, 'install', '설치하다장치하다'),
(1116, 'permanent', '영구적인'),
(1117, 'suppose', '생각추측하다'),
(1118, 'adjacent', '인접한'),
(1119, 'consist', '구성되다이루어지다'),
(1120, 'utility', '공공시설공공요금'),
(1121, 'conserve', '보전하다유지하다'),
(1122, 'chance', '가능성기회'),
(1123, 'forecast', '날씨의예보'),
(1124, 'waste', '쓰레기폐기물'),
(1125, 'dispose', '처분하다처리하다'),
(1126, 'recycling', '재활용'),
(1127, 'significant', '상당한중요한'),
(1128, 'solution', '해결책'),
(1129, 'occur', '발생하다'),
(1130, 'takeplace', '일이생기다'),
(1131, 'preserve', '보존보호하다'),
(1132, 'aid', '원조돕다'),
(1133, 'excessive', '지나친과도한'),
(1134, 'intensively', '집중적으로'),
(1135, 'vary', '다양하다'),
(1136, 'pleasing', '즐거운'),
(1137, 'inaccessible', '접근이불가능한'),
(1138, 'disturb', '방해하다'),
(1139, 'pollutant', '오염물질'),
(1140, 'emission', '배기가스방출'),
(1141, 'dense', '빽빽한밀집한'),
(1142, 'environmental', '환경적인'),
(1143, 'consistent', '일치하는지속적인'),
(1144, 'leak', '누출누출량'),
(1145, 'organization', '단체'),
(1146, 'continually', '계속해서'),
(1147, 'contaminate', '오염시키다'),
(1148, 'disaster', '재난'),
(1149, 'discharge', '방출하다'),
(1150, 'resource', '자원자료'),
(1151, 'prominent', '유명한두드러진'),
(1152, 'deplete', '고갈시키다'),
(1153, 'purify', '정화시키다'),
(1154, 'endangered', '멸종위기에처한'),
(1155, 'extinction', '멸종'),
(1156, 'drought', '가뭄'),
(1157, 'inflict', '고통피해를입히다'),
(1158, 'migration', '이동이주'),
(1159, 'ecology', '생태자연환경'),
(1160, 'habitat', '동식물의서식지'),
(1161, 'fatigue', '피로'),
(1162, 'symtom', '증상'),
(1163, 'physician', '내과의사'),
(1164, 'diagnosis', '진단'),
(1165, 'prescribe', '약을처방하다'),
(1166, 'recovery', '회복쾌유'),
(1167, 'recognize', '인정하다'),
(1168, 'organize', '조직하다'),
(1169, 'comprehensive', '종합적인포괄적인'),
(1170, 'participate', '참여하다참가하다'),
(1171, 'recommend', '권고하다추천하다'),
(1172, 'necessary', '필요한'),
(1173, 'ability', '능력'),
(1174, 'operation', '수술'),
(1175, 'cleanliness', '청결'),
(1176, 'duration', '지속기간지속'),
(1177, 'examination', '진찰검사'),
(1178, 'eliminate', '제거하다'),
(1179, 'easily', '쉽게'),
(1180, 'dental', '치과의'),
(1181, 'dietary', '식이요법규정식의'),
(1182, 'related', '관련된'),
(1183, 'transmit', '전염시키다'),
(1184, 'periodically', '주기적으로'),
(1185, 'reaction', '반응'),
(1186, 'simple', '단순한'),
(1187, 'coverage', '보험의보상범위'),
(1188, 'exposure', '노출'),
(1189, 'pharmaceutical', '제약의약학의'),
(1190, 'premium', '보험료'),
(1191, 'relieve', '완화시키다'),
(1192, 'combination', '결합연합'),
(1193, 'conscious', '알고있는'),
(1194, 'deprivation', '박탈빼앗음'),
(1195, 'induce', '유발하다'),
(1196, 'reduce', '줄이다낮추다'),
(1197, 'insurance', '보험'),
(1198, 'nutrition', '영양'),
(1199, 'prevent', '예방방해하다'),
(1200, 'susceptible', '감염영향받기쉬운');

-- --------------------------------------------------------

--
-- Cấu trúc bảng cho bảng `voca_lever_3_2850_high`
--

CREATE TABLE `voca_lever_3_2850_high` (
  `stt` int(11) NOT NULL,
  `english` varchar(25) DEFAULT NULL,
  `한국` varchar(13) DEFAULT NULL
) ENGINE=InnoDB DEFAULT CHARSET=utf8 COLLATE=utf8_general_ci;

--
-- Đang đổ dữ liệu cho bảng `voca_lever_3_2850_high`
--

INSERT INTO `voca_lever_3_2850_high` (`stt`, `english`, `한국`) VALUES
(1, 'property ', '자산재산 '),
(2, 'enhance ', '개선향상시키다'),
(3, 'hypothesis', '가상설정'),
(4, 'relaxed ', '편안한'),
(5, 'handpicked ', '엄선한'),
(6, 'exaggerated', '과장된'),
(7, 'so long as ', '하기만하면'),
(8, 'renovate ', '보수개조하다'),
(9, 'long for ', '간절히원하다'),
(10, 'enclose ', '동봉하다'),
(11, 'durable ', '튼튼한'),
(12, 'atmosphere ', '분위기'),
(13, 'application ', '신청'),
(14, 'commitment ', '헌신약속'),
(15, 'concern ', '염려하는관심사'),
(16, 'properly ', '적절하게'),
(17, 'disruption ', '방해혼란'),
(18, 'promote ', '촉진승진시키다'),
(19, 'strive to do ', '애써노력하다'),
(20, 'relaxing ', '느긋한편한'),
(21, 'extension ', '연장선구내전화'),
(22, 'connect with ', '이해하고친해지다'),
(23, 'replacement ', '후임자대체물'),
(24, 'deserve ', '마땅히받을만하다'),
(25, 'residential ', '주택의주거의'),
(26, 'pandemic ', '세계적인유행병'),
(27, 'dispose of ', '처리하다'),
(28, 'solid ', '고형의고체의'),
(29, 'crew ', '승무원'),
(30, 'secured ', '안전한'),
(31, 'sales representative ', '영업대표담당자'),
(32, 'tub ', '욕조통'),
(33, 'oversized ', '너무큰'),
(34, 'regulation ', '규정'),
(35, 'burst ', '터지다'),
(36, 'appreciate ', '감사하다'),
(37, 'tower ', '위로높이솟다'),
(38, 'stillness ', '정적고요'),
(39, 'tremble ', '떨리다'),
(40, 'snap around ', '휙돌아가다'),
(41, 'play a trick ', '눈속이다'),
(42, 'ghostly ', '유령같은'),
(43, 'pound ', '세차게두드리다'),
(44, 'glow ', '빛나다빛내다'),
(45, 'basement ', '지하실지하'),
(46, 'dreadful ', '굉장히무서운'),
(47, 'creep over ', '공포가엄습하다'),
(48, 'ball ', '무도회댄스파티'),
(49, 'fancy ', '색깔이화려한'),
(50, 'carnival ', '축제사육제'),
(51, 'stuck ', '꼼짝달싹못하는'),
(52, 'crash into ', '부딪치다충돌하다'),
(53, 'overjoyed ', '매우기쁜'),
(54, 'triumphantly ', '위풍당당하게'),
(55, 'bow ', '인사하다'),
(56, 'porch ', '현관'),
(57, 'yawn ', '하품하다'),
(58, 'dew ', '이슬'),
(59, 'scent ', '향기냄새'),
(60, 'drip ', '방울져서흐르다'),
(61, 'dim ', '흐릿한희미한'),
(62, 'slip away ', '사라지다없어지다'),
(63, 'exposure ', '접함노출'),
(64, 'run through ', '끝까지훑어보다'),
(65, 'faith ', '믿음'),
(66, 'mess up ', '망치다'),
(67, 'run through ', '끝까지대충하는연습'),
(68, 'correct ', '바로잡다'),
(69, 'in succession ', '연속으로'),
(70, 'worked up ', '흥분한'),
(71, 'give in ', '굴복하다'),
(72, 'be a bundle of nerves ', '신경이곤두서다'),
(73, 'set oneself up for ', '좋지않은상태가되다'),
(74, 'regardless of ', '에상관없이'),
(75, 'dedicated ', '헌신적인'),
(76, 'industrious ', '근면한'),
(77, 'productivity ', '생산성'),
(78, 'priority ', '우선순위'),
(79, 'direct ', '길안내하다'),
(80, 'linear ', '선형의선적인'),
(81, 'figurative ', '비유적인'),
(82, 'marginalize ', '소외시키다'),
(83, 'miss out on ', '놓치다'),
(84, 'neurobiological ', '신경생물학의'),
(85, 'standpoint ', '관점'),
(86, 'recontextualize ', '새로운맥락에적용하다'),
(87, 'previously ', '이전에'),
(88, 'invisible ', '보이지않는'),
(89, 'engage ', '사용고용관여시키다'),
(90, 'mode ', '방식'),
(91, 'stimulate ', '자극하다'),
(92, 'association ', '연상연관'),
(93, 'neural ', '신경의'),
(94, 'node ', '연결망의교점접합점'),
(95, 'engagement ', '참여관여'),
(96, 'reimagine ', '새롭게재해석하다'),
(97, 'exercise ', '발휘하다'),
(98, 'fuel ', '증가시키다'),
(99, 'temporary ', '일시적인임시의'),
(100, 'restore ', '회복시키다복구하다'),
(101, 'discipline ', '규율통제'),
(102, 'inherent ', '내재하는타고난'),
(103, 'maladaptive ', '적응하지못하는'),
(104, 'predatory ', '약탈하는탐욕스러운'),
(105, 'capitalism ', '자본주의'),
(106, 'monument ', '기념탑기념물'),
(107, 'triumph ', '승리대성공'),
(108, 'critical ', '위태로운위험한'),
(109, 'thoughtless ', '무분별한경솔한'),
(110, 'secure ', '묶어놓다고정하다'),
(111, 'pretender to wisdom ', '지혜가있는척하는사람'),
(112, 'shame ', '창피모욕하다'),
(113, 'defeat ', '패배시키다이기다'),
(114, 'argument ', '논쟁토론'),
(115, 'literally ', '그야말로문자그대로'),
(116, 'opponent ', '상대반대자'),
(117, 'descendant ', '자손후예유래한것'),
(118, 'ownership ', '소유'),
(119, 'countersignalling ', '반대신호보내기'),
(120, 'a point of honour ', '명예에관한문제'),
(121, 'trainers ', '운동화'),
(122, 'tech ', '과학기술'),
(123, 'status ', '지위'),
(124, 'atypical ', '이례적인격식벗어난'),
(125, 'regard ', '호감존경'),
(126, 'assistant ', '점원조수'),
(127, 'high end ', '최고급의'),
(128, 'rate ', '평가하다'),
(129, 'fur ', '모피'),
(130, 'relativity ', '상대성'),
(131, 'fundamental ', '기본적인'),
(132, 'principle ', '원칙'),
(133, 'make the point that ', '이라는주장하다'),
(134, 'status ', '상태지위'),
(135, 'measure ', '측정하다'),
(136, 'relative to ', '비교하여'),
(137, 'analysis ', '분석'),
(138, 'extraordinary ', '특별한'),
(139, 'reveal ', '밝히다드러내다'),
(140, 'disappointment ', '실망'),
(141, 'perceive ', '여기다인식하다'),
(142, 'better off ', '상황이더나은'),
(143, 'automation ', '자동화'),
(144, 'appeal to ', '에호소하다'),
(145, 'eager ', '열렬한간절히바라는'),
(146, 'misguided ', '잘못된오도된'),
(147, 'release ', '해방면제'),
(148, 'perceive ', '인식하다지각하다'),
(149, 'diminish ', '감소시키다'),
(150, 'present ', '나타내다제시하다'),
(151, 'engagement ', '개입참여'),
(152, 'consist of ', '으로구성되다'),
(153, 'prescribed ', '규정된미리정해진'),
(154, 'analyst ', '분석가'),
(155, 'restrict ', '한정하다제한하다'),
(156, 'turn into ', '으로전환하다'),
(157, 'routine ', '정례적인일'),
(158, 'take over ', '떠맡다'),
(159, 'time consuming ', '시간이걸리는'),
(160, 'engage in ', '하다에참여하다'),
(161, 'valid ', '타당한유효한'),
(162, 'eye opening ', '놀랄만한훌륭한'),
(163, 'sound ', '괜찮은옳은'),
(164, 'anecdote ', '일화'),
(165, 'exaggeration ', '과장'),
(166, 'manipulate ', '조종하다'),
(167, 'navigator ', '정보검색자항해사'),
(168, 'preconceived ', '사전에형성된'),
(169, 'notion ', '개념생각'),
(170, 'curse ', '저주'),
(171, 'megadose ', '대량투여하다'),
(172, 'promote ', '조장하다장려하다'),
(173, 'cup of tea ', '선호하는일'),
(174, 'abound ', '풍부하다'),
(175, 'consequence ', '결과'),
(176, 'erase ', '지우다'),
(177, 'impatient ', '성급한'),
(178, 'crisis ', '위기'),
(179, 'mindful ', '염두에두는'),
(180, 'negatively ', '부정적으로'),
(181, 'affect ', '영향미치다'),
(182, 'complicated ', '복잡한'),
(183, 'substantial ', '상당한'),
(184, 'imbalance ', '불균형'),
(185, 'premise ', '전제'),
(186, 'opponent ', '상대방'),
(187, 'prompt ', '하게하다부추기다'),
(188, 'mess up ', '망치다'),
(189, 'choke ', '실패하다망치다'),
(190, 'thigh ', '허벅지'),
(191, 'current ', '흐름조류'),
(192, 'severely ', '심하게심각하게'),
(193, 'attachment ', '애착'),
(194, 'toss ', '뒤흔들다내던지다'),
(195, 'downstream ', '하류로흐름에따라'),
(196, 'uncontrollable ', '통제할수없는'),
(197, 'outcome ', '결과'),
(198, 'hopelessly ', '대책없이'),
(199, 'sociotechnical ', '사회기술적'),
(200, 'expertise ', '전문지식'),
(201, 'disrupt ', '붕괴분열시키다'),
(202, 'undertaking ', '사업일'),
(203, 'statistics ', '통계통계학'),
(204, 'existing ', '현존하는현재의'),
(205, 'device ', '기구장치'),
(206, 'integrate ', '통합하다'),
(207, 'take   into account', '고려하다'),
(208, 'institution ', '제도기관'),
(209, 'artifact ', '인공물가공품'),
(210, 'keep in mind ', '명심하다'),
(211, 'politics ', '이해관계정략'),
(212, 'promote ', '증진활성화시키다'),
(213, 'intend ', '의도하다생각하다'),
(214, 'dusty ', '먼지투성이의'),
(215, 'evolving ', '진화하는'),
(216, 'outdated ', '시대에뒤떨어진'),
(217, 'discipline ', '학문분야'),
(218, 'adapt to ', '에적응하다'),
(219, 'speedometer ', '속도계주행기록계'),
(220, 'accelerate ', '가속하다'),
(221, 'keep pace with ', '보조맞추다'),
(222, 'presentation ', '제시발표'),
(223, 'matter ', '중요하다문제가되다'),
(224, 'dress up ', '꾸미다'),
(225, 'end up with ', '결국가지게되다'),
(226, 'the vast majority of ', '대부분의'),
(227, 'analysis ', '분석'),
(228, 'devote ', '노력돈시간따위들이다바치다'),
(229, 'afterthought ', '나중에덧붙이는것'),
(230, 'essential ', '필수적인'),
(231, 'factor in ', '고려하다계산에넣다'),
(232, 'quality ', '양질의'),
(233, 'accurate ', '정확한'),
(234, 'conceptualization ', '개념화'),
(235, 'obesity ', '비만'),
(236, 'epidemic ', '급속한확산유행병'),
(237, 'self control ', '자제력'),
(238, 'metaphor ', '비유'),
(239, 'capture ', '정확히담아내다'),
(240, 'stimulus ', '자극'),
(241, 'artificially ', '인위적으로'),
(242, 'unintentionally ', '의도치않게'),
(243, 'overconsume ', '과다섭취하다'),
(244, 'excessively ', '지나치게'),
(245, 'societal ', '사회의'),
(246, 'response ', '대응반응'),
(247, 'proportional ', '비례하는'),
(248, 'perceive ', '인식하다'),
(249, 'appropriate ', '적절한'),
(250, 'expose ', '접하게하다'),
(251, 'explicit ', '명백한분명한'),
(252, 'preference ', '선호'),
(253, 'bare bones ', '빈약한'),
(254, 'overlook ', '묵살하다간과하다'),
(255, 'advocate ', '주창자옹호자'),
(256, 'sufficiently ', '충분히'),
(257, 'compelling ', '설득력있는강력한'),
(258, 'potential ', '가능성이있는잠재적인'),
(259, 'attractiveness ', '매력끌어당기는힘'),
(260, 'self apparent ', '자명한'),
(261, 'projection ', '추정예상'),
(262, 'return ', '수익'),
(263, 'thereby ', '그렇게함으로써'),
(264, 'alienate ', '멀어지게만들다'),
(265, 'distrust ', '불신하다'),
(266, 'deal making ', '거래성립'),
(267, 'resemble ', '유사하다닮다'),
(268, 'venture capitalist ', '벤처사업투자자'),
(269, 'corporation ', '기업'),
(270, 'reward ', '보상;보상하다'),
(271, 'budget ', '예산'),
(272, 'profit ', '이득이익'),
(273, 'radical ', '급진적인'),
(274, 'outcome ', '결과'),
(275, 'appetite ', '욕구갈망'),
(276, 'overdose ', '과량약의지나친투여'),
(277, 'explicitly ', '명시적으로'),
(278, 'implicitly ', '암묵적으로'),
(279, 'measurement ', '평가측정'),
(280, 'mute ', '약화시키다'),
(281, 'optimally ', '최적으로최선으로'),
(282, 'deserted island ', '무인도'),
(283, 'rub ', '문지르다'),
(284, 'emerge ', '나타나다출현하다'),
(285, 'vanish ', '사라지다'),
(286, 'immediately ', '바로즉시'),
(287, 'activate ', '활성화하다작동하다'),
(288, 'grant ', '주다수여하다'),
(289, 'option ', '선택할수있는것선택권'),
(290, 'limited ', '얼마안되는제한적인'),
(291, 'in accord with ', '부합[일치]하여'),
(292, 'violate ', '거스르다위반하다'),
(293, 'amused ', '재미있어하는'),
(294, 'assumption ', '가정추정'),
(295, 'longevity ', '수명장수'),
(296, 'reverse ', '역으로뒤집다'),
(297, 'life expectancy ', '기대수명'),
(298, 'symptom ', '증상'),
(299, 'prolong ', '연장하다'),
(300, 'accomplish ', '이루다성취하다'),
(301, 'vanity ', '허황된것허영심'),
(302, 'enormous ', '막대한'),
(303, 'superficial ', '피상적인'),
(304, 'inefficient ', '비효율적인'),
(305, 'glimpse ', '언뜻봄흘끗봄'),
(306, 'extend ', '연장하다'),
(307, 'unprecedented ', '전례없는'),
(308, 'alert ', '주의환기하다알리다'),
(309, 'underway ', '진행중의'),
(310, 'miraculous ', '기적적인놀라운'),
(311, 'prediction ', '예견예측'),
(312, 'breakthrough ', '획기적발전'),
(313, 'trigger ', '유발하다촉발하다'),
(314, 'guarantee ', '보장하다약속하다'),
(315, 'humanitarian ', '인도주의자'),
(316, 'legal ', '법률의'),
(317, 'collaboration ', '협력합작'),
(318, 'ongoing ', '계속진행중인'),
(319, 'exploration ', '탐구탐험'),
(320, 'literally ', '문자그대로그야말로'),
(321, 'concept ', '개념'),
(322, 'ecological ', '생태상의환경의'),
(323, 'implication ', '함의영향'),
(324, 'inform ', '영향미치다'),
(325, 'investigate ', '살피다조사하다'),
(326, 'modification ', '변형수정'),
(327, 'advance ', '발전진전'),
(328, 'boundary ', '경계한계'),
(329, 'manipulate ', '조작하다속이다'),
(330, 'genetic ', '유전의'),
(331, 'make up ', '구조구성'),
(332, 'productivity ', '생산능력생산성'),
(333, 'organism ', '유기체생물'),
(334, 'purchase ', '구매하다'),
(335, 'section ', '부분'),
(336, 'crop up ', '불쑥나타나다'),
(337, 'trendy ', '최신유행의'),
(338, 'subcontracted ', '하청계약된'),
(339, 'offshoring ', '생산기지해외이전 '),
(340, 'catch on ', '인기얻다유행하다'),
(341, 'remarkable ', '놀라운놀랄만한'),
(342, 'enviable ', '부러운선망의대상이되는'),
(343, 'conceive ', '구상하다착상하다'),
(344, 'domestically ', '국내에서'),
(345, 'deep learning ', '심층기계학습'),
(346, 'carry out ', '수행하다'),
(347, 'implications ', '결과영향'),
(348, 'analyst ', '분석가'),
(349, 'bias ', '편향편견'),
(350, 'neural network ', '신경회로망'),
(351, 'representation ', '표현표시'),
(352, 'reproduce ', '재현하다재생하다'),
(353, 'assumption ', '가정전제'),
(354, 'reflection ', '생각반영'),
(355, 'perception ', '인식지각'),
(356, 'precisely ', '바로정확히'),
(357, 'fresh out of school ', '학교갓졸업한'),
(358, 'turn around ', '호전시키다회복시키다'),
(359, 'initiative ', '진취성결단력주도권'),
(360, 'lose lose ', '부정적결과만낳는상황'),
(361, 'school district ', '학구학군'),
(362, 'recognize ', '깨닫다인식하다'),
(363, 'prior ', '전의앞의'),
(364, 'take action ', '행동조치하다'),
(365, 'confidence ', '자신감확신'),
(366, 'hinder ', '가로막다방해하다'),
(367, 'progress ', '앞으로나아감향상'),
(368, 'inhibit ', '저해하다못하게하다'),
(369, 'impose ', '부과하다강요하다'),
(370, 'boundary ', '한계경계'),
(371, 'intuitive ', '직관적인'),
(372, 'association ', '연관성연상'),
(373, 'diagnosis ', '진단'),
(374, 'explicit ', '명시적인'),
(375, 'procedure ', '절차'),
(376, 'pin down ', '정확히밝히다'),
(377, 'side effect ', '뜻하지않은결과부작용'),
(378, 'henceforth ', '이후이제부터는'),
(379, 'collaboration ', '협업'),
(380, 'formalizable ', '공식화가가능한'),
(381, 'affect ', '영향주다작용하다'),
(382, 'available ', '이용할수있는이용가능한'),
(383, 'independent ', '독자적인독립된'),
(384, 'committee ', '위원회'),
(385, 'federal ', '연방의연방제의'),
(386, 'publicly ', '공개적으로공공연하게'),
(387, 'respondent ', '응답자'),
(388, 'occupation ', '직업직종'),
(389, 'mathematical ', '수학의'),
(390, 'chemist ', '화학자'),
(391, 'peak ', '최고조에이르다'),
(392, 'surpass ', '능가하다'),
(393, 'share ', '시장점유율'),
(394, 'transaction ', '거래매매'),
(395, 'dominate ', '우위차지하다'),
(396, 'exceed ', '넘다초과하다'),
(397, 'forest area ', '숲면적'),
(398, 'account for ', '부분비율차지하다'),
(399, 'constitute ', '구성하다'),
(400, 'combine ', '합하다결합하다'),
(401, 'estimate ', '추정하다'),
(402, 'scale ', '물고기비늘저울'),
(403, 'squid ', '오징어'),
(404, 'octopus ', '문어'),
(405, 'fossil ', '화석'),
(406, 'fin ', '지느러미'),
(407, 'crawl ', '기어다니다기다'),
(408, 'rotate ', '회전하다'),
(409, 'belly ', '배복부'),
(410, 'electrical field ', '전기장'),
(411, 'prey ', '먹잇감'),
(412, 'location ', '찾기위치알아내기'),
(413, 'reproduction ', '번식생식'),
(414, 'live young ', '살아있는부화된새끼'),
(415, 'diameter ', '지름'),
(416, 'develop ', '알이새끼로발육하다'),
(417, 'reproductive tract ', '생식관'),
(418, 'apparently ', '인것처럼보이는'),
(419, 'commit oneself to ', '하기로맹세약속하다'),
(420, 'qualify ', '자격얻다'),
(421, 'tailor ', '재단사'),
(422, 'involved with ', '에참여하는'),
(423, 'psychoanalytical ', '정신분석의'),
(424, 'society ', '학회'),
(425, 'put on hold', '잠시중단하다보류하다'),
(426, 'pioneering ', '선구적인'),
(427, 'authorities ', '당국'),
(428, 'emigrate ', '다른나라로이주하다'),
(429, 'take up ', '맡다'),
(430, 'professorship ', '교수직'),
(431, 'illustrator ', '삽화가'),
(432, 'influential ', '영향력있는'),
(433, 'artwork ', '삽화'),
(434, 'illustration ', '삽화'),
(435, 'entry ', '출품작참가작품'),
(436, 'medium ', '제작재료도구'),
(437, 'contestant ', '참가자'),
(438, 'retain ', '보유하다'),
(439, 'publication ', '출판'),
(440, 'vending machine ', '자동판매기'),
(441, 'interactive ', '상호작용하는'),
(442, 'feed ', '먹이주다'),
(443, 'nurturing ', '육아'),
(444, 'recommend ', '권장하다추천하다'),
(445, 'outfit ', '옷복장'),
(446, 'instruction ', '사용설명서'),
(447, 'nap ', '참깐낮잠자다 '),
(448, 'rock ', '돌전후좌우로흔들다'),
(449, 'pose ', '야기하다제기하다'),
(450, 'safety hazard ', '안전상의위험'),
(451, 'intend for ', '위해만들다'),
(452, 'renewal ', '부활갱신'),
(453, 'ceremony ', '의식식'),
(454, 'root crop ', '뿌리작물'),
(455, 'in attendance ', '특별한행사에참석하다'),
(456, 'extend ', '뻗다'),
(457, 'forehead ', '이마'),
(458, 'immigrant ', '이민자의'),
(459, 'ritual ', '의식의'),
(460, 'priest ', '성직자목사'),
(461, 'lay ', '평신도의'),
(462, 'enlightenment ', '깨달음'),
(463, 'paste ', '반죽'),
(464, 'ash ', '재'),
(465, 'clay ', '점토'),
(466, 'sect ', '종파분파'),
(467, 'horizontal ', '수평의'),
(468, 'bisect ', '이등분하다'),
(469, 'vertical ', '수직의'),
(470, 'jewelry ', '보석류'),
(471, 'come up with ', '떠올리다생각해내다'),
(472, 'appreciate ', '높이평가하다'),
(473, 'log ', '일지에기록하다'),
(474, 'submit ', '제출하다'),
(475, 'rental ', '대여'),
(476, 'private ', '사적인개인전용의'),
(477, 'organization ', '협회조직'),
(478, 'reservation ', '예약'),
(479, 'fee ', '요금'),
(480, 'in advance ', '미리'),
(481, 'accept ', '받아들이다'),
(482, 'register ', '등록하다'),
(483, 'cancellation ', '취소'),
(484, 'notice ', '통보'),
(485, 'no later than ', '늦어도까지는'),
(486, 'prior to ', '보다앞서'),
(487, 'refund ', '환불'),
(488, 'geared toward ', '에맞도록구성된'),
(489, 'remotely ', '원격으로'),
(490, 'registration ', '등록'),
(491, 'sign up for ', '에등록하다'),
(492, 'repetition ', '반복'),
(493, 'acquire ', '습득하다'),
(494, 'effectively ', '효과적으로'),
(495, 'relate ', '관련시키다관련이있다'),
(496, 'perspective ', '관점'),
(497, 'comparison ', '비교'),
(498, 'determine ', '결정하다'),
(499, 'feature ', '특징'),
(500, 'phenomenon ', '현상'),
(501, 'primary ', '첫번째로'),
(502, 'prevention ', '예방'),
(503, 'occur ', '발생하다'),
(504, 'secondary ', '두번째로'),
(505, 'emphasize ', '강조하다'),
(506, 'identify ', '발견하다찾아내다'),
(507, 'detect ', '발견하다찾아내다'),
(508, 'treatment ', '치료'),
(509, 'outcome ', '결과'),
(510, 'curative ', '치료의'),
(511, 'plentiful ', '많은'),
(512, 'prescribe ', '처방하다'),
(513, 'manage ', '관리하다'),
(514, 'significant ', '상당한'),
(515, 'remedy ', '수습하다바로잡다'),
(516, 'compensate ', '보상하다'),
(517, 'in proportion to ', '비례하여'),
(518, 'damages ', '손해액'),
(519, 'assumption ', '가정'),
(520, 'correction ', '수정교정'),
(521, 'unintended ', '의도치않은'),
(522, 'adoption ', '채택'),
(523, 'penalize ', '불리하게처벌하다'),
(524, 'hypothetical ', '가상의'),
(525, 'degrade ', '저하시키다'),
(526, 'weaken ', '약화시키다'),
(527, 'in good faith ', '옳다고믿으며선의로'),
(528, 'architectural ', '건축의'),
(529, 'billing rate ', '청구요금'),
(530, 'standpoint ', '입장관점'),
(531, 'agreement ', '계약서'),
(532, 'charge ', '비용청구하다'),
(533, 'terms ', '조건들'),
(534, 'checkbook ', '수표책'),
(535, 'inefficient ', '비효율적인'),
(536, 'bring   to the table', '제공하다제시하다'),
(537, 'negotiator ', '협상가'),
(538, 'overestimate ', '과대평가하다'),
(539, 'bias ', '편향성향'),
(540, 'perception ', '인식지각'),
(541, 'normally ', '보통의경우흔히'),
(542, 'pay attention to ', '에주목하다'),
(543, 'be conscious of ', '의식하다알고있다'),
(544, 'analogy ', '유사성유추'),
(545, 'prehistoric ', '선사시대의'),
(546, 'artifact ', '인공물공예품'),
(547, 'meteorite ', '운석'),
(548, 'accepted ', '인정된용인된'),
(549, 'populate ', '거주하다살다'),
(550, 'manufacture ', '제작하다만들다'),
(551, 'construct ', '구성생각해내다'),
(552, 'realization ', '깨달음인식'),
(553, 'in distinction to ', '구별하여'),
(554, 'current ', '현재의'),
(555, 'neurological ', '신경학의신경의'),
(556, 'transplantation ', '이식'),
(557, 'consist of ', '으로구성되다'),
(558, 'regenerate ', '재생하다'),
(559, 'relatively ', '비교적'),
(560, 'procedure ', '방법절차수술'),
(561, 'explore ', '탐구하다'),
(562, 'treatment ', '치료법'),
(563, 'stroke ', '뇌졸중'),
(564, 'significant ', '중요한'),
(565, 'proper ', '제대로된적절한'),
(566, 'circuit ', '회로'),
(567, 'oppose ', '반대하다'),
(568, 'religious ', '종교적인'),
(569, 'philosophical ', '철학적인'),
(570, 'emerge ', '나오다등장하다'),
(571, 'natural selection ', '자연선택'),
(572, 'primarily ', '주로본래'),
(573, 'implications ', '영향결과'),
(574, 'immense ', '엄청난거대한'),
(575, 'evolve ', '진화하다'),
(576, 'artificial ', '인위적인인위의'),
(577, 'civilization ', '문명'),
(578, 'by now ', '이제는이미'),
(579, 'essentially ', '기본적으로'),
(580, 'trivial ', '변변치않은사소한'),
(581, 'unsustainable ', '지속가능하지않은'),
(582, 'crash ', '추락하다충돌하다'),
(583, 'soft landing ', '연착륙'),
(584, 'utopian ', '몽상적인이상향의'),
(585, 'restriction ', '제약제한'),
(586, 'go along with ', '에동조하다찬성하다'),
(587, 'the Depression ', '대공황기세계대공황'),
(588, 'federal government ', '연방정부'),
(589, 'explode ', '폭발적으로증가하다'),
(590, 'expand ', '확대확장하다'),
(591, 'formula ', '방식공식'),
(592, 'convince ', '납득수긍하게하다'),
(593, 'prescription drug ', '처방약'),
(594, 'govern ', '지배하다통치하다'),
(595, 'applied ', '실용적인응용된'),
(596, 'uncover ', '밝히다'),
(597, 'concept ', '개념'),
(598, 'theory ', '이론'),
(599, 'stimulate ', '장려하다자극하다'),
(600, 'category ', '범주'),
(601, 'manipulate ', '조종하다'),
(602, 'arouse ', '불러일으키다'),
(603, 'considerable ', '상당한'),
(604, 'criticism ', '비판'),
(605, 'demonstrate ', '입증하다'),
(606, 'effectiveness ', '효과'),
(607, 'critic ', '비판하는사람비평가'),
(608, 'controllable ', '통제할수있는'),
(609, 'variable ', '변수변인'),
(610, 'fund ', '자금대다'),
(611, 'promote ', '홍보하다'),
(612, 'establish ', '확립하다수립하다'),
(613, 'regional ', '지역적인'),
(614, 'committee ', '위원회'),
(615, 'separation ', '분리격리'),
(616, 'breed ', '낳다만들어내다'),
(617, 'dialect ', '방언사투리'),
(618, 'boundary ', '경계선'),
(619, 'border ', '경계국경'),
(620, 'a stone’s throw ', '매우가까운거리'),
(621, 'local ', '지역의'),
(622, 'determine ', '결정하다'),
(623, 'globally ', '포괄적전반적으로'),
(624, 'bathing costume ', '수영복'),
(625, 'first and foremost ', '무엇보다'),
(626, 'unsuitable ', '부적절한'),
(627, 'cognitively ', '인지적으로지각력있게'),
(628, 'take advantage of ', '이용하다'),
(629, 'insight ', '통찰력이해'),
(630, 'locational ', '장소의입지의'),
(631, 'reference ', '관련참고'),
(632, 'moral ', '도덕적인'),
(633, 'component ', '요소성분'),
(634, 'elegance ', '우아함고상'),
(635, 'festive ', '축제다운축제의'),
(636, 'flexible ', '유연한융통성있는'),
(637, 'uphold ', '옹호지지유지하다'),
(638, 'bourgeois ', '중산층의'),
(639, 'maintain ', '유지하다가지다'),
(640, 'centrally ', '핵심적으로'),
(641, 'secondary ', '이차적인'),
(642, 'be predicated (up)on', '에근거하다'),
(643, 'assumption ', '가정'),
(644, 'sacred ', '신성한'),
(645, 'cornerstone ', '초석토대'),
(646, 'challenge ', '도전문제'),
(647, 'invalidate ', '틀렸음입증무효'),
(648, 'dominance hierarchy ', '지배위계순위제'),
(649, 'formalized ', '형식화된'),
(650, 'codified ', '법전으로편찬된'),
(651, 'dissolve ', '소실되다없어지다'),
(652, 'eliminate ', '없애다제거하다'),
(653, 'self righteous ', '독선적인'),
(654, 'superiority ', '우월'),
(655, 'intelligentsia ', '지식계급'),
(656, 'intellectual ', '지식인'),
(657, 'trace to ', '추적하여밝혀내다'),
(658, 'merchant ', '상인'),
(659, 'shoemaker ', '제화업자'),
(660, 'worldly ', '세속적인'),
(661, 'scholarly ', '학문하는학자의'),
(662, 'injustice ', '부당함'),
(663, 'remedy ', '바로잡다'),
(664, 'trick ', '속임수'),
(665, 'theft ', '도둑질'),
(666, 'norm ', '규범'),
(667, 'hold   in check', '억제하다'),
(668, 'temper ', '화노여움'),
(669, 'assault ', '폭행하다공격하다'),
(670, 'aggressively ', '공격적으로적극적으로'),
(671, 'inhibit ', '억제하다'),
(672, 'continual ', '연속적인계속되는'),
(673, 'a stream of ', '연속되는일련의'),
(674, 'more often than not ', '대개흔히'),
(675, 'aggression ', '공격'),
(676, 'portray ', '묘사하다'),
(677, 'alter ', '바꾸다변경하다'),
(678, 'inhibition ', '억제금지'),
(679, 'gradual ', '점차적인'),
(680, 'wear down ', '약화되다마모되다'),
(681, 'ecologist ', '생태학자'),
(682, 'megaherbivore ', '초대형초식동물'),
(683, 'rhinoceros', '코뿔소'),
(684, 'hippopotamus', '하마'),
(685, 'massive ', '거대한'),
(686, 'immune to ', '의영향받지않는'),
(687, 'predator ', '포식자'),
(688, 'vulnerable to ', '에취약한'),
(689, 'slow breeding ', '느리게번식하는'),
(690, 'be doomed ', '불행한운명을맞다'),
(691, 'prey ', '사냥감먹잇감'),
(692, 'sustain ', '부양생계유지하다'),
(693, 'bag ', '잡다죽이다'),
(694, 'let up ', '강도가약해지다'),
(695, 'observation ', '관찰'),
(696, 'factor ', '요인'),
(697, 'determine ', '결정하다'),
(698, 'stationary ', '정지된'),
(699, 'apart from ', '은제외하고'),
(700, 'turn on axis ', '축중심으로돌다'),
(701, 'on a daily basis ', '매일'),
(702, 'interpret ', '해석이해설명하다'),
(703, 'in the light of ', '의관점에서'),
(704, 'theory ', '이론'),
(705, 'inadequate ', '충분하지않은'),
(706, 'self esteem ', '자존감자부심'),
(707, 'considerable ', '상당한적지않은'),
(708, 'route ', '길방법'),
(709, 'undeniable ', '부인하기어려운명백한'),
(710, 'immaturity ', '미성숙미발달'),
(711, 'resolution ', '해답결의'),
(712, 'verbally ', '말로구두로'),
(713, 'thereby ', '그렇게함으로써'),
(714, 'pro  ', '에친화적인지지하는'),
(715, 'set the stage for ', '발판을마련하다'),
(716, 'engaging ', '매력있는'),
(717, 'entertaining ', '재미있는'),
(718, 'identify ', '찾다발견하다'),
(719, 'tightly ', '간결하게극히압축하여'),
(720, 'be at home in ', '편안하게하다'),
(721, 'sermon ', '설교'),
(722, 'monologue ', '독백'),
(723, 'feature story ', '특집기사주요한읽거리'),
(724, 'lead ', '신문기사의첫머리'),
(725, 'illustration ', '예화'),
(726, 'scattered ', '흩어져있는'),
(727, 'manuscript ', '원고'),
(728, 'insert ', '집어넣다삽입하다'),
(729, 'statistics ', '통계자료통계통계학'),
(730, 'compelling ', '흥미진진한흥미돋우는'),
(731, 'perceived ', '인식된감지된지각된'),
(732, 'postindustrial ', '산업화이후의'),
(733, 'infrastructure ', '기반시설'),
(734, 'manipulation ', '조작'),
(735, 'paradoxical ', '역설적인'),
(736, 'displacement ', '대체치환이동'),
(737, 'concise ', '간결한'),
(738, 'inevitable ', '불가피한'),
(739, 'visualize ', '시각화하다'),
(740, 'exploit ', '이용하다'),
(741, 'consume ', '소비하다'),
(742, 'extensively ', '광범위하게'),
(743, 'arguably ', '아마틀림없이'),
(744, 'revolution ', '혁명'),
(745, 'fluid ', '체액'),
(746, 'extra cellular ', '세포외의'),
(747, 'blood sugar level ', '혈당치'),
(748, 'liver ', '간'),
(749, 'storage ', '저장'),
(750, 'provision ', '공급'),
(751, 'stimulate ', '자극하다'),
(752, 'inhibit ', '억제하다'),
(753, 'adjust ', '맞추다조정하다'),
(754, 'concentration ', '농도'),
(755, 'constant ', '일정한'),
(756, 'go about ', '시작하다'),
(757, 'effortlessly ', '쉽게노력하지않고'),
(758, 'apparent ', '외견상의겉보기에는'),
(759, 'simplicity ', '간단함평이함'),
(760, 'illusion ', '착각오해'),
(761, 'vision ', '시각시야'),
(762, 'complicated ', '복잡한'),
(763, 'conscious mind ', '의식'),
(764, 'harvest ', '수확하다'),
(765, 'manufacture ', '제조생산'),
(766, 'container ', '용기그릇'),
(767, 'interpretation ', '해석이해'),
(768, 'concern with ', '관심갖고관여하다'),
(769, 'object ', '물건물체'),
(770, 'rocket science ', '이해하기어려운것'),
(771, 'overestimate ', '과대평가하다'),
(772, 'rate ', '평가하다'),
(773, 'in detail ', '자세히'),
(774, 'revisit ', '다시논의하다'),
(775, 'subject ', '실험대상자'),
(776, 'lower ', '낮추다'),
(777, 'rating ', '평점등급'),
(778, 'perform ', '수행하다'),
(779, 'sketch out ', '대략그리다'),
(780, 'striking ', '놀라운'),
(781, 'phenomenon ', '현상'),
(782, 'illusion ', '착각환상'),
(783, 'explanatory ', '설명의'),
(784, 'alter ', '바꾸다'),
(785, 'disability ', '장애'),
(786, 'point out ', '주목언급하다'),
(787, 'constantly ', '끊임없이'),
(788, 'sequence ', '연속된한장면'),
(789, 'sensory ', '감각의'),
(790, 'orienting response ', '느끼게반응만들기'),
(791, 'perceptual ', '지각력의'),
(792, 'shortening ', '단축'),
(793, 'attention span ', '주의지속시간'),
(794, 'novel ', '신기한새로운'),
(795, 'give in to ', '에굴복하다'),
(796, 'passive ', '수동적인'),
(797, 'analyze ', '분석하다'),
(798, 'evenly ', '균등하게고르게'),
(799, 'distribute ', '분배하다나누다'),
(800, 'put   aside', '제쳐놓다무시하다'),
(801, 'direct ', '지배하다지시하다'),
(802, 'domestic ', '사육되는길들여진'),
(803, 'rarely ', '하는경우가거의없는'),
(804, 'observe ', '관찰하다'),
(805, 'pasture ', '목초지초원'),
(806, 'gauge ', '측정하다추정하다'),
(807, 'display ', '과시하다;과시'),
(808, 'aggressive ', '공격적인'),
(809, 'preferred ', '우선선취권이있는'),
(810, 'settle a score ', '분풀이설욕하다'),
(811, 'counteract ', '대응반작용하다'),
(812, 'boredom ', '지루함'),
(813, 'dominance ', '지배권우세'),
(814, 'dispute ', '싸움논쟁'),
(815, 'conflict ', '충돌갈등'),
(816, 'result in ', '초래하다'),
(817, 'replacement ', '대체물'),
(818, 'adjust ', '적응시키다순응시키다'),
(819, 'interpretation ', '해석이해'),
(820, 'stand for ', '나타내다의미하다'),
(821, 'equate ', '같은것으로생각하다'),
(822, 'statement ', '말함진술'),
(823, 'immediate ', '당면한즉각적인'),
(824, 'cognitive ', '인지의인식의'),
(825, 'obvious ', '분명한명백한'),
(826, 'gravity ', '중력'),
(827, 'dominate ', '지배하다'),
(828, 'dynamics ', '역학관계역학'),
(829, 'overcome ', '이겨내다극복하다'),
(830, 'resistance ', '저항저항력'),
(831, 'descend ', '내려가다'),
(832, 'surrender ', '굴복하다항복하다'),
(833, 'passive ', '수동적무저항의'),
(834, 'compliance ', '순응수락'),
(835, 'unevenness ', '불균형고르지않음'),
(836, 'location ', '위치'),
(837, 'dynamically ', '역학적으로'),
(838, 'potential energy ', '위치에너지'),
(839, 'mass ', '덩어리질량'),
(840, 'vertical ', '수직의세로의'),
(841, 'obtain ', '얻다구하다'),
(842, 'experimental ', '실험의'),
(843, 'demonstration ', '증명증거'),
(844, 'with regard to ', '관련하여에대해'),
(845, 'mention ', '언급하다말하다'),
(846, 'invariably ', '예외없이언제나'),
(847, 'convince oneself that ', '이라는것납득하다'),
(848, 'navigate ', '항해하다길찾다'),
(849, 'sail ', '배로항해하다'),
(850, 'crew ', '선원승무원'),
(851, 'significant ', '의미있는중요한'),
(852, 'decent ', '제법괜찮은제대로된'),
(853, 'determine ', '측정하다결정하다'),
(854, 'precisely ', '정확하게'),
(855, 'essential ', '본질적인근본적인'),
(856, 'reflection ', '반영'),
(857, 'graphically ', '도표상으로'),
(858, 'representation ', '표현표상묘사'),
(859, 'shoreline ', '해안선'),
(860, 'wording ', '표현법용어'),
(861, 'neutral ', '중립적인'),
(862, 'tailor ', '맞추다조정하다'),
(863, 'personality ', '성격개성'),
(864, 'tutor ', '지도교사강사'),
(865, 'be reluctant to do ', '꺼리다주저하다'),
(866, 'contribution ', '의견발언기여'),
(867, 'face threatening ', '체면손상하는'),
(868, 'confidence ', '자신감'),
(869, 'supportive ', '힘주는지지하는'),
(870, 'empathic ', '공감할수있는감정이입의'),
(871, 'ambitious ', '의욕적인야심있는'),
(872, 'artificial ', '인위적인거짓된'),
(873, 'adaptation ', '조정적응'),
(874, 'prejudice ', '편견선입견'),
(875, 'inform ', '알리다통지하다'),
(876, 'unjust ', '부당한'),
(877, 'discrimination ', '차별'),
(878, 'acknowledge ', '인정하다'),
(879, 'hostile ', '적대적인'),
(880, 'solely ', '오로지'),
(881, 'merit ', '장점'),
(882, 'pose ', '제기하다'),
(883, 'threatening ', '위협적인'),
(884, 'intent ', '의도'),
(885, 'subjected to ', '겪는당하는'),
(886, 'apparently ', '겉보기에'),
(887, 'translate into ', '으로해석되다'),
(888, 'prospects ', '성공기회성공가능성'),
(889, 'concept ', '개념'),
(890, 'precisely ', '정확하게'),
(891, 'millennium ', '천년간'),
(892, 'publicly ', '공개적으로'),
(893, 'in decline ', '쇠퇴하여기울어'),
(894, 'conversely ', '반대로거꾸로'),
(895, 'digitization ', '디지털화'),
(896, 'convert ', '전환하다개조하다'),
(897, 'format ', '형태체재'),
(898, 'advanced ', '진보한발달한'),
(899, 'distribution ', '배포유통'),
(900, 'innovation ', '혁신쇄신'),
(901, 'contain ', '담고있다포함하다'),
(902, 'intent ', '의도'),
(903, 'encode ', '표현하다'),
(904, 'cue ', '단서신호'),
(905, 'dynamic ', '역동적인활발한'),
(906, 'above chance', '우연의확률넘는'),
(907, 'refine ', '개선하다다듬다'),
(908, 'patron ', '후원자고객'),
(909, 'intention ', '의도'),
(910, 'appreciate ', '감상하다'),
(911, 'isolated ', '고립된'),
(912, 'reaction ', '반응'),
(913, 'take pains ', '공들이다애쓰다'),
(914, 'concerning ', '에관하여[관한]'),
(915, 'framing ', '구성고안'),
(916, 'presentation ', '표현제시'),
(917, 'for the benefit of ', '위하여'),
(918, 'particular ', '세심한꼼꼼한'),
(919, 'lighting ', '명암조명'),
(920, 'judgment ', '판단'),
(921, 'dimension ', '요인차원'),
(922, 'exposure ', '노출'),
(923, 'perception ', '지각인식'),
(924, 'generate ', '생성하다'),
(925, 'approximation ', '비슷한가까운근사치'),
(926, 'with respect to ', '에관해서'),
(927, 'available ', '구할수있는'),
(928, 'bring together ', '합치다'),
(929, 'blend ', '섞다'),
(930, 'combine ', '결합하다'),
(931, 'account for ', '설명하다'),
(932, 'blindness ', '맹목'),
(933, 'betrayal ', '배신'),
(934, 'poetic ', '시적인'),
(935, 'tragedy ', '비극'),
(936, 'construction ', '구성'),
(937, 'distinct ', '두드러지는'),
(938, 'overall ', '전체적인'),
(939, 'integration ', '통합'),
(940, 'amend ', '수정하다'),
(941, 'interpret ', '해석하다'),
(942, 'contemporary ', '당대의'),
(943, 'literary ', '문학의'),
(944, 'attribute ', '속성'),
(945, 'dominate ', '지배하다'),
(946, 'lyrics ', '가사'),
(947, 'grab ', '가로채다붙잡다'),
(948, 'phrase ', '구절'),
(949, 'minimal ', '극미한최소한의'),
(950, 'distract ', '분산시키다흩뜨리다'),
(951, 'interpret ', '해석하다'),
(952, 'instrumental music ', '기악'),
(953, 'limit ', '제한하다'),
(954, 'pause ', '잠시끊김중지'),
(955, 'poetical ', '시적인시로쓰인'),
(956, 'statement ', '진술'),
(957, 'universal ', '보편적인'),
(958, 'indicative of ', '나타내는'),
(959, 'piece ', '악곡작품'),
(960, 'sociologist ', '사회학자'),
(961, 'approach ', '접근법연구법'),
(962, 'long standing ', '오랜'),
(963, 'argument ', '논쟁'),
(964, 'properly ', '제대로적절히'),
(965, 'social mobility ', '사회이동'),
(966, 'phenomenon ', '현상'),
(967, 'statistically ', '통계상으로'),
(968, 'enquire into ', '조사하다'),
(969, 'involved ', '관련된'),
(970, 'aspire ', '열망하다'),
(971, 'quantitative ', '정량적인양적인'),
(972, 'relaxed ', '관대한느긋한'),
(973, 'indispensable ', '매우필요한'),
(974, 'at least ', '최소한적어도'),
(975, 'as many ', '그만큼많은'),
(976, 'intensive ', '집중적인'),
(977, 'yield ', '가져오다산출하다'),
(978, 'reveal ', '드러내다밝히다'),
(979, 'challenging ', '어려운도전적인'),
(980, 'destructive ', '해로운파괴적인'),
(981, 'unethical ', '비윤리적인'),
(982, 'mission ', '임무아주힘든과제'),
(983, 'summit ', '정상에이르다'),
(984, 'commit ', '전념하다헌신하다'),
(985, 'ultimately ', '결국궁극적으로'),
(986, 'misrepresent ', '왜곡하다잘못전하다'),
(987, 'cheat ', '속임수쓰다'),
(988, 'fine ', '벌금부과하다'),
(989, 'unauthorized ', '승인되지않은'),
(990, 'bring on ', '야기하다초래하다'),
(991, 'sensory ', '감각의'),
(992, 'overload ', '과부하'),
(993, 'bring on ', '야기하다초래하다'),
(994, 'finely ', '정교하게아름답게'),
(995, 'spot ', '알아차리다발견하다'),
(996, 'mechanical ', '수작업의'),
(997, 'superiority ', '우월성'),
(998, 'overwhelming ', '압도적인'),
(999, 'choice ', '선택;고급의'),
(1000, 'artifact ', '공예품'),
(1001, 'rare ', '희귀한'),
(1002, 'conceal ', '감추다숨기다'),
(1003, 'humble ', '보잘것없는'),
(1004, 'suspect ', '생각추측하다'),
(1005, 'ordinary ', '평범한'),
(1006, 'fall out of favor ', '총애잃다'),
(1007, 'transparent ', '투명한'),
(1008, 'durable ', '내구력이있는'),
(1009, 'bronze ', '청동'),
(1010, 'aesthetics ', '미관아름다운모습'),
(1011, 'matter ', '중요하다'),
(1012, 'stroll ', '산책거닐기'),
(1013, 'dump ', '내려놓다버리다'),
(1014, 'monotonous ', '단조로운'),
(1015, 'inclination ', '의향성향'),
(1016, 'evaporate ', '사라지다증발하다'),
(1017, 'endure ', '견디다참다'),
(1018, 'retailer ', '소매상점'),
(1019, 'enclosed ', '사방이막힌둘러싸인'),
(1020, 'mimic ', '흡사하다처럼보이다'),
(1021, 'medium ', '매체'),
(1022, 'meet with resistance ', '저항에부딪히다'),
(1023, 'experiment with ', '실험하다'),
(1024, 'artificial ', '인위적인'),
(1025, 'accommodate ', '수용하다'),
(1026, 'commercial ', '상업광고;상업적인'),
(1027, 'unsatisfactory ', '만족스럽지못한'),
(1028, 'content oneself with ', '에만족하다'),
(1029, 'mainstream ', '주류의'),
(1030, 'opt for ', '선택하다'),
(1031, 'scale ', '규모크기'),
(1032, 'revenue ', '수입수익'),
(1033, 'time out ', '작전타임'),
(1034, 'structured ', '구조적으로정해진'),
(1035, 'stoppage ', '스포츠경기의중단'),
(1036, 'respond ', '반응하다'),
(1037, 'opposition ', '반대측상대측'),
(1038, 'commercial ', '상업적인'),
(1039, 'harvest ', '수확하다거둬들이다'),
(1040, 'inherit ', '물려받다상속받다'),
(1041, 'involved in ', '에관련된'),
(1042, 'conserve ', '보존하다'),
(1043, 'phenomenon ', '현상'),
(1044, 'unbiased ', '편견없는'),
(1045, 'perception ', '자각인식'),
(1046, 'evolutionary ', '진화의'),
(1047, 'comparative ', '비교의비교통한'),
(1048, 'physiology ', '생리학'),
(1049, 'pain receptor ', '통증수용기'),
(1050, 'identical ', '동일한'),
(1051, 'detection ', '감지발견'),
(1052, 'side by side ', '나란히함께'),
(1053, 'avoidance ', '기피회피'),
(1054, 'potentially ', '잠재적으로'),
(1055, 'locate ', '정확한위치찾아내다'),
(1056, 'auditory ', '청각의'),
(1057, 'perception ', '지각인식'),
(1058, 'audition ', '듣기청취'),
(1059, 'sensory receptor ', '감각수용기'),
(1060, 'integrate ', '통합하다'),
(1061, 'localization ', '위치찾기'),
(1062, 'finely ', '정교하게세심하게'),
(1063, 'tuned ', '조정된조율된'),
(1064, 'prey ', '먹잇감'),
(1065, 'laboratory ', '실험실'),
(1066, 'timing ', '시기시기선택'),
(1067, 'minute ', '미세한'),
(1068, 'detect ', '감지하다찾아내다'),
(1069, 'cue ', '단서신호'),
(1070, 'intensity ', '강도'),
(1071, 'barrier ', '장벽장애물'),
(1072, 'purchasing power ', '구매력'),
(1073, 'presumably ', '아마도생각하건대'),
(1074, 'willingness ', '기꺼이하는마음'),
(1075, 'postpone ', '미루다연기하다'),
(1076, 'function ', '함수상관관계'),
(1077, 'interest rate ', '이율금리'),
(1078, 'reasoning ', '추론추리'),
(1079, 'fund ', '자금돈'),
(1080, 'biologically ', '생물학적으로'),
(1081, 'be meant to do ', '하기로되어있다'),
(1082, 'pack ', '무리'),
(1083, 'take for granted', '당연한것으로여기다'),
(1084, 'mobility ', '이동성'),
(1085, 'extended family ', '확대가족'),
(1086, 'replace ', '대체하다'),
(1087, 'long for ', '열망하다'),
(1088, 'affiliation ', '관계제휴'),
(1089, 'fantasy ', '공상의세계'),
(1090, 'device ', '장치'),
(1091, 'overcome ', '극복하다'),
(1092, 'isolation ', '고립'),
(1093, 'generate ', '일으키다'),
(1094, 'fuel ', '활력불어넣다자극하다'),
(1095, 'adapt ', '적응하다'),
(1096, 'commuting spouses ', '주말부부'),
(1097, 'current ', '현재의'),
(1098, 'anxiety ', '불안'),
(1099, 'precisely ', '정확히'),
(1100, 'involved ', '관련된연루된'),
(1101, 'ultimately ', '궁극적으로'),
(1102, 'abuse ', '학대'),
(1103, 'neglect ', '방임'),
(1104, 'bullying ', '약자괴롭히기'),
(1105, 'depression ', '우울증'),
(1106, 'naturalist ', '자연주의자'),
(1107, 'property ', '속성특성'),
(1108, 'organism ', '생물체생물'),
(1109, 'convinced ', '확신하는'),
(1110, 'manifestation ', '징후조짐'),
(1111, 'vitalist ', '활력론자'),
(1112, 'nevertheless ', '그럼에도불구하고'),
(1113, 'extend ', '확장되다뻗어나가다'),
(1114, 'perceive ', '인지하다감지하다'),
(1115, 'scope ', '범위능력'),
(1116, 'severely ', '심하게'),
(1117, 'immediate ', '직접적인즉각적인'),
(1118, 'glacier ', '빙하'),
(1119, 'tide ', '조류조수'),
(1120, 'common sense ', '상식양식'),
(1121, 'inspection ', '검증점검검토'),
(1122, 'establish ', '확립하다규명하다'),
(1123, 'restriction ', '제한제약'),
(1124, 'consist of ', '으로이루어지다'),
(1125, 'no more than ', '별거아닌'),
(1126, 'mere ', '단지에불과한'),
(1127, 'deserve ', '받만하다가치가있다'),
(1128, 'interconnected ', '서로연결된'),
(1129, 'interdependent ', '상호의존적인'),
(1130, 'wellbeing ', '안녕'),
(1131, 'community ', '공동체군집'),
(1132, 'biosphere ', '생물권'),
(1133, 'interlinked ', '서로연결된'),
(1134, 'exemplify ', '의좋은예가되다'),
(1135, 'thriving ', '잘성장하는번성하는'),
(1136, 'autoimmune ', '자가면역의'),
(1137, 'disorder ', '질환장애'),
(1138, 'infinite ', '무한한'),
(1139, 'out of control ', '통제할수없는'),
(1140, 'fundamental ', '필수적인중요한'),
(1141, 'deny ', '부정하다부인하다'),
(1142, 'truthfulness ', '진실성'),
(1143, 'cynically ', '냉소적으로'),
(1144, 'mention ', '언급'),
(1145, 'accomplishment ', '성취성과업적'),
(1146, 'term ', '말용어'),
(1147, 'cynic ', '냉소적인사람'),
(1148, 'deliberately ', '일부러'),
(1149, 'deceive ', '속이다'),
(1150, 'twist ', '왜곡하다비틀다'),
(1151, 'convenience ', '편의편리'),
(1152, 'virtue ', '미덕'),
(1153, 'rest upon ', '에달려있다에의존하다'),
(1154, 'instinctive ', '본능적인'),
(1155, 'have to do with ', '관련이있다'),
(1156, 'proceed ', '진행되다'),
(1157, 'relatively ', '비교적'),
(1158, 'transfer ', '이동하다옮기다'),
(1159, 'reduced ', '줄어든축소된'),
(1160, 'input ', '투입량'),
(1161, 'language interference ', '언어간섭'),
(1162, 'rhyming word ', '운율맞추는낱말운자'),
(1163, 'acquisition ', '습득'),
(1164, 'efficient ', '효율적인'),
(1165, 'nutrient ', '영양소영양분'),
(1166, 'productivity ', '생산력생산성'),
(1167, 'organism ', '생물체유기체'),
(1168, 'tissue ', '조직'),
(1169, 'colony ', '군락'),
(1170, 'at large', '전체전체'),
(1171, 'extend ', '확대하다확장하다'),
(1172, 'conceal ', '숨기다감추다'),
(1173, 'identity ', '정체성'),
(1174, 'deindividuation ', '몰개성화탈개인화'),
(1175, 'coin ', '새로운낱말어구만들다'),
(1176, 'individuate ', '개별화하다'),
(1177, 'isolate ', '구분하다분리하다'),
(1178, 'constraint ', '통제제한'),
(1179, 'be accountable for ', '에대해책임이있다'),
(1180, 'liberate ', '해방하다자유롭게하다'),
(1181, 'dimly ', '어둑하게희미하게'),
(1182, 'control condition ', '통제조건'),
(1183, 'keep   to oneself', '마음속에담아두다'),
(1184, 'detect ', '발견하다'),
(1185, 'deficiency ', '결핍'),
(1186, 'predict ', '예견하다예측하다'),
(1187, 'accuracy ', '정확성'),
(1188, 'identify ', '식별하다확인하다'),
(1189, 'worrisome ', '걱정스러운'),
(1190, 'downgrade ', '낮게평가하다'),
(1191, 'inform ', '알리다'),
(1192, 'go about ', '다루다처리하다'),
(1193, 'irregularity ', '불규칙한것'),
(1194, 'weaken ', '약화시키다'),
(1195, 'contradict ', '배치되다모순되다'),
(1196, 'rigidity ', '단단함강도'),
(1197, 'subtle ', '미묘한'),
(1198, 'pore ', '숨구멍'),
(1199, 'expansion ', '팽창확장'),
(1200, 'contraction ', '수축'),
(1201, 'guard cell ', '공변세포두개의세포'),
(1202, 'evaporate ', '증발하다'),
(1203, 'photosynthesis ', '광합성'),
(1204, 'inhibit ', '억제하다'),
(1205, 'interpretation ', '해석'),
(1206, 'quantitative ', '양적인'),
(1207, 'numeric ', '수치의'),
(1208, 'relevant to ', '관련이있는'),
(1209, 'process ', '처리하다'),
(1210, 'stock ', '주식'),
(1211, 'lay ', '비전문가인전문지식이없는'),
(1212, 'presume ', '추정하다생각하다'),
(1213, 'recipient ', '수신자'),
(1214, 'literacy ', '특정분야에서갖춘능력'),
(1215, 'numeracy ', '산술능력'),
(1216, 'extract ', '이끌어내다추출하다'),
(1217, 'numerate ', '계산능력이있는'),
(1218, 'portrayal ', '기술묘사'),
(1219, 'overvalue ', '지나치게가치두다'),
(1220, 'exaggerate ', '과장하다'),
(1221, 'inference ', '추론'),
(1222, 'heuristic ', '어림짐작'),
(1223, 'yield ', '야기하다'),
(1224, 'biased ', '편향된'),
(1225, 'draw on ', '의지하다'),
(1226, 'theatrical ', '연극의극적인'),
(1227, 'metaphor ', '비유은유'),
(1228, 'distinct ', '별개의뚜렷이다른'),
(1229, 'abruptly ', '갑자기'),
(1230, 'transition ', '전환변화'),
(1231, 'as opposed to ', '대조적으로'),
(1232, 'the same is true of ', '마찬가지로'),
(1233, 'strive for ', '얻으려고노력하다'),
(1234, 'exhale ', '내뿜다내쉬다'),
(1235, 'intimate ', '절친한친구'),
(1236, 'taboo ', '금기사항'),
(1237, 'recess ', '깊숙한곳구석'),
(1238, 'fundamentally ', '완전히'),
(1239, 'informality ', '격식차리지않는행위'),
(1240, 'explicit ', '명백한명쾌한'),
(1241, 'exacting ', '까다로운힘든'),
(1242, 'passage ', '구절'),
(1243, 'to and fro ', '이리저리'),
(1244, 'cast ', '드리우다'),
(1245, 'painfully ', '아주힘들게'),
(1246, 'no more than ', '단지에지나지않는'),
(1247, 'descend ', '내려오다'),
(1248, 'reject ', '거부하다'),
(1249, 'predict ', '예측하다'),
(1250, 'criterion ', '기준준거'),
(1251, 'highlight ', '강조하다'),
(1252, 'account ', '설명'),
(1253, 'absurdity ', '부조리'),
(1254, 'focus group ', '표적집단'),
(1255, 'opinion poll ', '여론조사'),
(1256, 'appreciate ', '이해하다'),
(1257, 'fundamental ', '근본적인'),
(1258, 'principle ', '원칙'),
(1259, 'be equipped to do ', '하도록준비하다'),
(1260, 'temptation ', '유혹'),
(1261, 'impartiality ', '공정성'),
(1262, 'self interest ', '사리사욕'),
(1263, 'reference ', '준거참조'),
(1264, 'by and large ', '대체로'),
(1265, 'resolution ', '결심'),
(1266, 'at the same time ', '그와동시에 '),
(1267, 'resort to ', '에의지하다'),
(1268, 'tame ', '길들이다'),
(1269, 'represent ', '나타내다'),
(1270, 'operation ', '조작작동'),
(1271, 'take command of ', '지휘하다'),
(1272, 'disastrous ', '처참한참담한'),
(1273, 'manipulate ', '조종조작하다'),
(1274, 'distract ', '주의분산시키다'),
(1275, 'intuition ', '직관'),
(1276, 'symptom ', '증상'),
(1277, 'morality ', '도덕성'),
(1278, 'regard   as ', '이라고여기다'),
(1279, 'autonomous ', '자율적인'),
(1280, 'instruct ', '지시하다'),
(1281, 'cast ', '씌우다던지다'),
(1282, 'command ', '지시명령하다'),
(1283, 'amount to ', '마찬가지에달하다'),
(1284, 'Kantian ', '칸트철학의칸트의'),
(1285, 'advance ', '발전시키다증진하다'),
(1286, 'conception ', '개념이해'),
(1287, 'clinical ', '임상의'),
(1288, 'disregard ', '무시묵살'),
(1289, 'hold one’s tongue ', '입다물다'),
(1290, 'observe ', '관찰준수하다'),
(1291, 'sport ', '과시하다자랑해보이다'),
(1292, 'tattoo ', '문신'),
(1293, 'numerous ', '수많은'),
(1294, 'overweight ', '과체중의'),
(1295, 'indulge in ', '탐닉하다'),
(1296, 'obesity ', '비만'),
(1297, 'fail to do ', '해야하는일하지않다'),
(1298, 'caution ', '주의주다경고하다'),
(1299, 'physician ', '의사내과의사'),
(1300, 'presume ', '추정하다'),
(1301, 'attentive ', '주의깊은'),
(1302, 'assessment ', '판단평가'),
(1303, 'step ', '조치수단'),
(1304, 'oppose ', '반대하다'),
(1305, 'override ', '무시하다'),
(1306, 'refuse ', '거부하다'),
(1307, 'alien ', '외계인외국인'),
(1308, 'treatment ', '치료'),
(1309, 'flip through ', '훑어보다'),
(1310, 'suggestion ', '제안의견'),
(1311, 'incredible ', '대단한엄청난'),
(1312, 'encouragement ', '격려'),
(1313, 'supportive ', '힘주는지원하는'),
(1314, 'emphatically ', '단호히강조하여'),
(1315, 'reassuring ', '안심시키는위로하는'),
(1316, 'honor ', '경의표하다'),
(1317, 'envision ', '상상하다'),
(1318, 'lioness ', '암사자'),
(1319, 'input ', '조언생각의견'),
(1320, 'mixture ', '혼합재료혼합물'),
(1321, 'freezer ', '냉동고'),
(1322, 'confused ', '혼동한헛갈리는'),
(1323, 'propose ', '제시하다제안하다'),
(1324, 'experiment ', '실험'),
(1325, 'contradict ', '모순되다부정하다'),
(1326, 'demonstrate ', '입증하다보여주다'),
(1327, 'fellow ', '동료의친구의'),
(1328, 'insist ', '주장하다우기다'),
(1329, 'universal ', '일반적인보편적인'),
(1330, 'experiment with ', '실험하다'),
(1331, 'squirrel ', '다람쥐'),
(1332, 'soak ', '적시다'),
(1333, 'perfume ', '향수'),
(1334, 'suckle ', '젖먹다'),
(1335, 'dump ', '내다버리다'),
(1336, 'abandon ', '버리다포기하다'),
(1337, 'facilitate ', '용이하게하다'),
(1338, 'automatically ', '무심결에'),
(1339, 'household ', '가족가정'),
(1340, 'instinct ', '본능'),
(1341, 'kick in ', '발동하다시작되다'),
(1342, 'lay claim to ', '소유권주장하다'),
(1343, 'nursing mom ', '양모'),
(1344, 'shell ', '포탄'),
(1345, 'cannonball ', '포환'),
(1346, 'gunboat ', '포함'),
(1347, 'request ', '요청'),
(1348, 'revolution ', '혁명'),
(1349, 'uprising ', '폭동봉기'),
(1350, 'patrol ', '순찰하다'),
(1351, 'unrest ', '불안불만'),
(1352, 'crew ', '부대원들승무원들'),
(1353, 'tidal wave ', '해일'),
(1354, 'flat bottomed ', '바닥이평평한'),
(1355, 'the right way up ', '뒤집히지않고똑바로'),
(1356, 'wreck ', '잔해난파선'),
(1357, 'grounded ', '좌초된'),
(1358, 'wooden vessel ', '목선'),
(1359, 'remarkable ', '놀라운'),
(1360, 'load ', '장전하다'),
(1361, 'scatter ', '흩어지다'),
(1362, 'flee ', '도망치다'),
(1363, 'down but not out ', '부서졌지만단념하기는이른'),
(1364, 'officially ', '공식적으로'),
(1365, 'way to go ', '멋지다잘했다'),
(1366, 'keep at bay', '저지하다'),
(1367, 'unarmed ', '무장하지않은'),
(1368, 'geographer ', '지리학자'),
(1369, 'founder ', '창시자'),
(1370, 'physician ', '의사'),
(1371, 'opt for ', '선택하다'),
(1372, 'pedagogy ', '교육학'),
(1373, 'appoint   as ', '으로임명하다'),
(1374, 'subsequently ', '그후에이어서'),
(1375, 'assignment ', '임용임명'),
(1376, 'expire ', '사망하다'),
(1377, 'geologist ', '지질학자'),
(1378, 'ingredient ', '재료'),
(1379, 'horrified ', '소스라치게놀란'),
(1380, 'remains ', '남은부위유해'),
(1381, 'alligator ', '악어'),
(1382, 'be obliged to do ', '어쩔수없이하다'),
(1383, 'hasty ', '급히서두르는다급한'),
(1384, 'pronounce ', '명백히밝히다'),
(1385, 'digestion ', '음식먹은후소화시킴'),
(1386, 'none the worse ', '여전한더나빠지지않는'),
(1387, 'venture to do ', '대담하게하다'),
(1388, 'charity ', '자선단체'),
(1389, 'shift ', '교대근무'),
(1390, 'deserted ', '인적이끊긴'),
(1391, 'down vest ', '오리털넣은따뜻한조끼'),
(1392, 'roundabout course ', '우회로돌아가는길'),
(1393, 'catch up with ', '따라잡다'),
(1394, 'spare ', '나누어주다내어주다'),
(1395, 'frustrate ', '좌절시키다방해하다'),
(1396, 'attempt ', '시도'),
(1397, 'serve with ', '송달하다'),
(1398, 'hearing ', '청문회심리'),
(1399, 'investigate ', '조사하다'),
(1400, 'radical ', '급진적인과격한'),
(1401, 'protest ', '시위'),
(1402, 'combination ', '조합'),
(1403, 'profile ', '인지도대중의관심'),
(1404, 'distinctive ', '독특한특유의'),
(1405, 'high pitched ', '음조가높고날카로운격한'),
(1406, 'press conference ', '기자회견'),
(1407, 'involvement ', '참여개입'),
(1408, 'award ', '상'),
(1409, 'profound ', '심오한'),
(1410, 'dimensional ', '차원의'),
(1411, 'expedition ', '탐사대원정대'),
(1412, 'curse ', '저주악담'),
(1413, 'firmly ', '굳게확고하게'),
(1414, 'establish ', '자리잡게하다확립하다'),
(1415, 'personalize ', '개인화하다'),
(1416, 'myth ', '신화근거없는믿음'),
(1417, 'fortune ', '운명행운'),
(1418, 'reinforce ', '강화하다보충하다'),
(1419, 'complementary ', '상호보완적인보충하는'),
(1420, 'temple ', '사원'),
(1421, 'doom ', '죽음파멸'),
(1422, 'tomb ', '무덤'),
(1423, 'delay ', '지연지체'),
(1424, 'chamber ', '방공간'),
(1425, 'induction ', '귀납적결론귀납법'),
(1426, 'be boiled down to ', '으로귀결되다'),
(1427, 'justify ', '정당화하다'),
(1428, 'uniformity ', '일관성한결같음'),
(1429, 'assumption ', '추정'),
(1430, 'backcountry ', '오지'),
(1431, 'gaze ', '응시하다'),
(1432, 'to the best knowledge of ', '이알고있는한'),
(1433, 'signature ', '개별적특징'),
(1434, 'hook ', '함정'),
(1435, 'copyright ', '저작권'),
(1436, 'violator ', '위반자'),
(1437, 'depict ', '묘사하다그리다'),
(1438, 'sue ', '소송제기하다'),
(1439, 'hunter gatherer ', '수렵채집인'),
(1440, 'accumulate ', '축적하다'),
(1441, 'band ', '무리'),
(1442, 'marked ', '두드러진'),
(1443, 'inequality ', '불평등'),
(1444, 'herd ', '동물의무리떼'),
(1445, 'anthropologist ', '인류학자'),
(1446, 'holding ', '보유자산재산'),
(1447, 'represent ', '나타내다'),
(1448, 'unstable ', '불안정한'),
(1449, 'herder ', '목자牧者가축소유주'),
(1450, 'epidemic ', '전염병'),
(1451, 'drought ', '가뭄'),
(1452, 'maintain ', '지속하다유지하다'),
(1453, 'frequently ', '흔히자주'),
(1454, 'acidification ', '산성화'),
(1455, 'arguably ', '아마틀림없이'),
(1456, 'delicate ', '섬세한'),
(1457, 'acidity ', '산성도'),
(1458, 'absorb ', '흡수하다'),
(1459, 'carbonic acid ', '탄산'),
(1460, 'emit ', '배출하다'),
(1461, 'ecosystem ', '생태계'),
(1462, 'prevalent ', '널리퍼진'),
(1463, 'underprovision ', '불충분한공급'),
(1464, 'stability ', '안정성'),
(1465, 'public good ', '공공재'),
(1466, 'excessive ', '과도한지나친'),
(1467, 'common pool resource ', '공유재'),
(1468, 'absorption ', '흡수'),
(1469, 'peak oil ', '원유생산정점피크오일'),
(1470, 'sustainability ', '지속가능성'),
(1471, 'just ', '공정한정의로운'),
(1472, 'distribution ', '분배'),
(1473, 'allocative ', '할당의'),
(1474, 'efficiency ', '효율성'),
(1475, 'undermine ', '훼손하다'),
(1476, 'additive ', '가산적인부가적인'),
(1477, 'better off ', '더좋은더나은'),
(1478, 'fund ', '자금제공하다'),
(1479, 'precisely ', '바로정확하게'),
(1480, 'contribution ', '원인제공공헌기여'),
(1481, 'perspective ', '관점'),
(1482, 'free rider ', '무임승차자'),
(1483, 'institution ', '기관제도'),
(1484, 'alternative ', '대안'),
(1485, 'typical ', '전형적인'),
(1486, 'auto pilot ', '자동조종의별생각이없는'),
(1487, 'professional ', '전문직종사자'),
(1488, 'identical ', '동일한'),
(1489, 'set off ', '출발하다시작하다'),
(1490, 'compare ', '비교하다'),
(1491, 'strategy ', '전략'),
(1492, 'do one’s homework ', '철저히준비하다'),
(1493, 'review ', '검토하다'),
(1494, 'circular ', '광고전단'),
(1495, 'well organized ', '정리가잘된'),
(1496, 'match ', '맞추다'),
(1497, 'lower ', '낮추다'),
(1498, 'opt for ', '선택하다'),
(1499, 'name brand ', '유명상표'),
(1500, 'grab ', '움켜쥐다'),
(1501, 'flier ', '전단지'),
(1502, 'clip ', '잘라내다'),
(1503, 'time consuming ', '많은시간이걸리는'),
(1504, 'reward ', '보상'),
(1505, 'pest ', '해충'),
(1506, 'native to ', '의토종인'),
(1507, 'parasite ', '기생충기생동물이나식물'),
(1508, 'range ', '분포구역서식범위'),
(1509, 'alternatively ', '그대신에그렇지않으면'),
(1510, 'import ', '수입하다'),
(1511, 'biocontrol agent ', '생물적방제인자'),
(1512, 'encounter ', '만나다'),
(1513, 'reason ', '판단하다추론하다'),
(1514, 'evolve ', '발전시키다'),
(1515, 'involve ', '수반하다관련시키다'),
(1516, 'microbe ', '미생물'),
(1517, 'ecosystem ', '생태계'),
(1518, 'ecological ', '생태계의'),
(1519, 'risky ', '위험한'),
(1520, 'invasive ', '급속히퍼지는'),
(1521, 'organism ', '유기체'),
(1522, 'chemical ', '화학적인'),
(1523, 'set   loose', '풀어놓다'),
(1524, 'motivation ', '동기'),
(1525, 'be subject to ', '의지배[영향]받다'),
(1526, 'inaccuracy ', '부정확함'),
(1527, 'prejudice ', '편견'),
(1528, 'remarkably ', '놀랍게도주목할만한것은'),
(1529, 'progress ', '발전하다'),
(1530, 'collective ', '집단적인'),
(1531, 'advance ', '진보하다'),
(1532, 'despite ', '에도불구하고'),
(1533, 'feature ', '특성'),
(1534, 'in abundance ', '풍부하게많이'),
(1535, 'observation ', '관찰'),
(1536, 'plain ', '단순한평범한'),
(1537, 'arise ', '생겨나다'),
(1538, 'conviction ', '확신'),
(1539, 'initial ', '초기의최초의'),
(1540, 'synthesis ', '합성'),
(1541, 'alternative ', '대체의대안적인'),
(1542, 'evolutionary ', '진화의'),
(1543, 'keen ', '열정적인'),
(1544, 'awkward ', '어색한'),
(1545, 'endure ', '견디다'),
(1546, 'scar ', '상처주다'),
(1547, 'random ', '무작위의'),
(1548, 'pin down ', '분명히파악하다'),
(1549, 'correlate ', '연관성보여주다'),
(1550, 'geologic ', '지질학의지질의'),
(1551, 'rage ', '맹렬히계속되다'),
(1552, 'radioactive ', '방사능의'),
(1553, 'convert ', '전환시키다'),
(1554, 'apparently ', '인것같이겉보기로는'),
(1555, 'extinct ', '멸종된'),
(1556, 'definition ', '정의'),
(1557, 'encompass ', '포괄하다포함하다'),
(1558, 'a range of ', '다양한'),
(1559, 'biologist ', '생물학자'),
(1560, 'attempt ', '시도'),
(1561, 'distinguish ', '구분하다구별하다'),
(1562, 'organism ', '생물체유기체'),
(1563, 'stimulus ', '자극'),
(1564, 'reproduce ', '번식하다'),
(1565, 'prove ', '입증되다입증하다'),
(1566, 'inadequate ', '불충분한부적당한'),
(1567, 'involve ', '수반하다포함하다'),
(1568, 'apply ', '적용되다'),
(1569, 'distinction ', '구분구별'),
(1570, 'cynic ', '냉소주의자'),
(1571, 'favorable ', '호의적인유리한'),
(1572, 'word of mouth ', '구두의말로전하는'),
(1573, 'recommendation ', '추천권고'),
(1574, 'competition ', '경쟁'),
(1575, 'destination ', '목적지행선지'),
(1576, 'contribute to ', '에기여하다'),
(1577, 'enhance ', '높이다향상시키다'),
(1578, 'competitive edge ', '경쟁우위'),
(1579, 'standard ', '기준수준'),
(1580, 'in turn ', '결과적으로결국'),
(1581, 'determinant ', '결정요인'),
(1582, 'advantage ', '우위이점'),
(1583, 'ingredient ', '요소재료'),
(1584, 'identify ', '발견하다확인하다'),
(1585, 'external ', '외부로부터오는'),
(1586, 'survey ', '설문조사'),
(1587, 'well rounded ', '균형잡힌'),
(1588, 'perceive ', '여기다인식하다'),
(1589, 'primarily ', '주로'),
(1590, 'considering ', '고려하면'),
(1591, 'be involved in ', '에참가하다에연루되다'),
(1592, 'dominate ', '지배하다'),
(1593, 'pacify ', '달래다진정시키다'),
(1594, 'unrest ', '불만불안'),
(1595, 'spectacle ', '대규모의구경거리'),
(1596, 'celebration ', '기념행사축하행사'),
(1597, 'entertainment ', '오락'),
(1598, 'framework ', '틀뼈대구조'),
(1599, 'serve ', '기여하다도움이되다'),
(1600, 'aesthetic ', '미적인'),
(1601, 'availability ', '이용[입수]가능성'),
(1602, 'the masses ', '대중'),
(1603, 'occupied with ', '으로바쁜'),
(1604, 'critical ', '비판적인'),
(1605, 'inseparable ', '분리될수없는'),
(1606, 'illustrate ', '예들어보여주다설명하다'),
(1607, 'postwar ', '이차세계대전이후의'),
(1608, 'display ', '전시진열'),
(1609, 'extensive ', '광범위한해박한'),
(1610, 'molding ', '형태만드는틀'),
(1611, 'alter ', '변화시키다'),
(1612, 'mass ', '대량의'),
(1613, 'assembly ', '조립'),
(1614, 'vigorously ', '활발하게힘차게'),
(1615, 'distribution ', '유통배분배포'),
(1616, 'mode ', '방식형태'),
(1617, 'consistent ', '일치하는지속적인'),
(1618, 'fundamental ', '근본적인'),
(1619, 'capacity ', '능력'),
(1620, 'evolve ', '진화하다발전하다'),
(1621, 'physiologist ', '생리학자'),
(1622, 'do double duty ', '두가지역할하다'),
(1623, 'therapist ', '치료사'),
(1624, 'induce ', '유도하다'),
(1625, 'release ', '분비방출'),
(1626, 'ease ', '완화하다'),
(1627, 'sensation ', '감각'),
(1628, 'cooperation ', '협력'),
(1629, 'reproductive ', '번식의생식의'),
(1630, 'exceed ', '초과하다'),
(1631, 'building block ', '구성요소'),
(1632, 'vegetation ', '식물초목'),
(1633, 'moderate ', '조절하다완화하다'),
(1634, 'local ', '국지적인장소의'),
(1635, 'microclimate ', '미기후특정좁은지역의기후'),
(1636, 'radiation ', '복사열방사'),
(1637, 'absorption ', '흡수통합'),
(1638, 'vapour ', '수증기'),
(1639, 'incorporate ', '포함하다함유하다'),
(1640, 'contribution ', '기여원인제공'),
(1641, 'glare ', '눈부심환한빛'),
(1642, 'courtyard ', '안마당'),
(1643, 'arrangement ', '배치배열'),
(1644, 'prior to ', '전에'),
(1645, 'exposure ', '노출'),
(1646, 'pro filmic event ', '촬영전카메라앞준비작업'),
(1647, 'document ', '사실의기록문서서류'),
(1648, 'indisputable ', '반박의여지가없는'),
(1649, 'locate ', '찾아내다'),
(1650, 'optical ', '광학의'),
(1651, 'association ', '연계연상연관'),
(1652, 'lend support to ', '에신빙성더해주다'),
(1653, 'literal ', '있는그대로의사실'),
(1654, 'objective ', '객관적인'),
(1655, 'be tied to ', '관련이있다'),
(1656, 'represent ', '나타내다'),
(1657, 'attached to ', '에부여된'),
(1658, 'turn on ', '중심으로하다'),
(1659, 'oral ', '구술의구두의'),
(1660, 'tradition ', '전승'),
(1661, 're enact ', '재연하다재현하다'),
(1662, 'by definition ', '당연히정의상'),
(1663, 'hybrid ', '혼합체'),
(1664, 'verbal ', '언어의'),
(1665, 'articulate ', '명확하게표현하다'),
(1666, 'simultaneously ', '동시에'),
(1667, 'layered ', '겹치는층이룬'),
(1668, 'dynamics ', '힘동력'),
(1669, 'limited ', '양이크지않은제한된'),
(1670, 'reduction ', '단순화약화감소'),
(1671, 'dynamism ', '역동성'),
(1672, 'simultaneity ', '동시성'),
(1673, 'orderly ', '질서정연한'),
(1674, 'replicate ', '복제하다'),
(1675, 'enhance ', '향상시키다'),
(1676, 'constant ', '지속적인일정한'),
(1677, 'adjustment ', '조정수정'),
(1678, 'alter ', '바꾸다고치다'),
(1679, 'prediction ', '예측예견'),
(1680, 'mastery ', '숙달숙련'),
(1681, 'compelling ', '흥미진진한강력한'),
(1682, 'pressure ', '부담압박'),
(1683, 'frustration ', '좌절실패'),
(1684, 'confusion ', '당혹혼란'),
(1685, 'catch up to ', '따라잡다'),
(1686, 'proceed ', '진행하다계속하다'),
(1687, 'strategy ', '전략계획'),
(1688, 'designate ', '지정하다'),
(1689, 'frequent ', '잦은빈번한'),
(1690, 'act on ', '에따라서행동하다'),
(1691, 'persist ', '끈질기게계속하다'),
(1692, 'eventually ', '결국마침내'),
(1693, 'gradual ', '점진적인차츰하는'),
(1694, 'mindset ', '사고방식'),
(1695, 'engaging ', '사람의마음을끄는'),
(1696, 'provocative ', '자극하는'),
(1697, 'phenomenon ', '현상'),
(1698, 'dwell on ', '에대해깊게생각하다'),
(1699, 'sufficient ', '충분한'),
(1700, 'hold off on ', '보류하다'),
(1701, 'compelling ', '흥미로운'),
(1702, 'capture ', '사로잡다'),
(1703, 'equip ', '필요한지식을준비시키다'),
(1704, 'imbalance ', '불균형'),
(1705, 'relevant ', '관련된'),
(1706, 'enhance ', '강화하다'),
(1707, 'excel ', '뛰어나다능가하다'),
(1708, 'manifest ', '드러내보이다'),
(1709, 'suspicious ', '의심스러운'),
(1710, 'intensity ', '맹렬함강렬함'),
(1711, 'note ', '징조기미기세'),
(1712, 'exaggerated ', '부풀려진과장된'),
(1713, 'ambition ', '야심야망'),
(1714, 'striving ', '노력애씀'),
(1715, 'overlook ', '간과하다'),
(1716, 'be accustomed to doing ', '하는데익숙하다'),
(1717, 'stimulate ', '자극하다'),
(1718, 'swollen ', '부풀어오른'),
(1719, 'tension ', '긴장'),
(1720, 'bear ', '견디다'),
(1721, 'suffer ', '방치되다더나빠지다'),
(1722, 'on account of ', '때문에'),
(1723, 'thrive ', '잘자라다번성하다'),
(1724, 'eagerness ', '열망열심04'),
(1725, 'musical chairs ', '의자에먼저앉기놀이'),
(1726, 'appropriate ', '적절한'),
(1727, 'preschooler ', '미취학아동'),
(1728, 'frustration ', '좌절감'),
(1729, 'remove ', '치우다없애다'),
(1730, 'eliminate ', '탈락시키다'),
(1731, 'additional ', '추가적인'),
(1732, 'moral ', '도덕적인윤리의'),
(1733, 'intellectual ', '지적인지성의'),
(1734, 'minor ', '미성숙하급자'),
(1735, 'guardianship ', '감독보호'),
(1736, 'extend ', '퍼지다'),
(1737, 'censor ', '검열하다'),
(1738, 'pose ', '제기하다일으키다'),
(1739, 'represent ', '표현하다나타내다'),
(1740, 'state ', '국가중앙정부'),
(1741, 'highlight ', '강조하다'),
(1742, 'praiseworthy ', '칭찬할만한'),
(1743, 'censorship ', '검열'),
(1744, 'profession ', '직업직종'),
(1745, 'utterance ', '발화말'),
(1746, 'abstract ', '분리하다떼어내다'),
(1747, 'address ', '주소말을걸다'),
(1748, 'term ', '특정한용어'),
(1749, 'responsive ', '호응하는즉각반응하는'),
(1750, 'negotiation ', '협상'),
(1751, 'composition ', '구성'),
(1752, 'of necessity ', '당연히필연적으로'),
(1753, 'intention ', '의도'),
(1754, 'decoding ', '해독'),
(1755, 'conceal ', '숨기다'),
(1756, 'paradoxical ', '역설적인'),
(1757, 'turn to ', '에의지하다'),
(1758, 'norm ', '규범'),
(1759, 'objective ', '목적'),
(1760, 'symbol ', '상징'),
(1761, 'principle ', '원리'),
(1762, 'in that  ', '이라는점에서'),
(1763, 'make up ', '구성하다'),
(1764, 'correspond to ', '일치상응하다'),
(1765, 'stand in for ', '대신하다');
INSERT INTO `voca_lever_3_2850_high` (`stt`, `english`, `한국`) VALUES
(1766, 'symbolize ', '상징하다'),
(1767, 'illustrate ', '보여주다설명하다'),
(1768, 'inherent ', '내재된'),
(1769, 'definitely ', '분명히'),
(1770, 'actual ', '실제의'),
(1771, 'representation ', '표현'),
(1772, 'huge ', '거대한'),
(1773, 'potential ', '잠재력'),
(1774, 'efficiency ', '효율성'),
(1775, 'optimize ', '최적화하다'),
(1776, 'consumption ', '소비'),
(1777, 'optimization ', '최적화'),
(1778, 'involved ', '관련된'),
(1779, 'remarkably ', '현저히'),
(1780, 'corresponding ', '상응하는'),
(1781, 'existing ', '기존의'),
(1782, 'afford ', '할수있다할여유가있다'),
(1783, 'rate ', '비율'),
(1784, 'availabilities ', '구할수있는'),
(1785, 'reveal ', '나타내다'),
(1786, 'unintended ', '의도하지않은'),
(1787, 'countereffect ', '역효과'),
(1788, 'rebound effect ', '반동효과'),
(1789, 'reduction ', '감소'),
(1790, 'convert ', '전환하다'),
(1791, 'ultimately ', '궁극적으로'),
(1792, 'initial ', '초기의'),
(1793, 'positive ', '긍정적인'),
(1794, 'agenda ', '의제'),
(1795, 'define ', '규정하다정의하다'),
(1796, 'counterpart ', '상응하는것등가물'),
(1797, 'attend to ', '귀기울이다유의하다'),
(1798, 'selection ', '선택'),
(1799, 'reflect ', '반영하다'),
(1800, 'broadcast ', '방송'),
(1801, 'statement ', '진술언급'),
(1802, 'significant ', '상당한'),
(1803, 'perception ', '인식'),
(1804, 'uncover ', '밝혀내다'),
(1805, 'profound ', '막대한심오한'),
(1806, 'policy ', '정책'),
(1807, 'access ', '접근;접근하다접속하다'),
(1808, 'reliant on ', '에의존하는'),
(1809, 'contain ', '포함하다'),
(1810, 'format ', '형식구성하다;형식'),
(1811, 'capability ', '능력'),
(1812, 'display ', '보여주다'),
(1813, 'operate ', '운영하다'),
(1814, 'advanced ', '고급의'),
(1815, 'functionality ', '기능성'),
(1816, 'potential ', '잠재력'),
(1817, 'publish ', '공개하다발표하다'),
(1818, 'lawsuit ', '소송고소'),
(1819, 'file ', '소송등제기하다'),
(1820, 'regarding ', '에관해'),
(1821, 'patent ', '특허권'),
(1822, 'algorithm ', '알고리즘연산'),
(1823, 'tag ', '태그붙이다꼬리표붙이다'),
(1824, 'capability ', '능력역량'),
(1825, 'allow for ', '가능하게하다'),
(1826, 'inclination ', '성향경향기질'),
(1827, 'speak to ', '에대하여거론하다'),
(1828, 'likely ', '그럴듯한예상되는'),
(1829, 'personality ', '성격개성'),
(1830, 'trait ', '특성'),
(1831, 'consent ', '동의허락'),
(1832, 'awareness ', '자각인식'),
(1833, 'interface ', '인터페이스접점'),
(1834, 'at the cost of ', '희생하여'),
(1835, 'ensure ', '보장하다확실하게하다'),
(1836, 'ethical ', '윤리적인'),
(1837, 'concern ', '우려염려'),
(1838, 'classify ', '분류하다구분하다'),
(1839, 'unintentionally ', '의도치않게저도모르게'),
(1840, 'association ', '연관성연상'),
(1841, 'beverage ', '음료'),
(1842, 'conversely ', '역으로정반대로'),
(1843, 'subsequently ', '이어서그뒤에'),
(1844, 'proportion ', '비율부분'),
(1845, 'provoke ', '불러일으키다생기게하다'),
(1846, 'reinforce ', '강화하다'),
(1847, 'counteract ', '상쇄하다'),
(1848, 'take action ', '행동[조치]취하다'),
(1849, 'cynical ', '냉소적인'),
(1850, 'bring  into focus', '에초점맞추다'),
(1851, 'big bad wolf', '나쁜문제일으키는'),
(1852, 'convince ', '확신납득'),
(1853, 'notion ', '생각개념'),
(1854, 'recall ', '기억하다'),
(1855, 'opponent ', '상대방적수'),
(1856, 'inevitably ', '필연적으로'),
(1857, 'optimistic ', '낙관적인'),
(1858, 'mind set ', '사고방식'),
(1859, 'minimize ', '최소화하다'),
(1860, 'negative ', '부정적인'),
(1861, 'recognize ', '인식하다'),
(1862, 'positive ', '긍정적인'),
(1863, 'confirmation ', '확인'),
(1864, 'in response to ', '에대한반응으로'),
(1865, 'associated with ', '관련된'),
(1866, 'achieve ', '달성하다'),
(1867, 'apparently ', '겉으로보기에'),
(1868, 'outcome ', '결과'),
(1869, 'detachment ', '초탈초연분리'),
(1870, 'reminder ', '상기시켜주는것'),
(1871, 'cocreator ', '공동창조자'),
(1872, 'unfulfilled ', '충족되지않은'),
(1873, 'honor ', '존중하여따르다'),
(1874, 'place security in', '안도감을가지다'),
(1875, 'imply ', '내포하다'),
(1876, 'concept ', '개념'),
(1877, 'consciousness ', '의식'),
(1878, 'intend ', '의도하다'),
(1879, 'mechanism ', '기제방법'),
(1880, 'occupational ', '직업과관련된'),
(1881, 'be associated with ', '관련되다'),
(1882, 'disturbance ', '장애방해'),
(1883, 'ban ', '금지하다'),
(1884, 'clinical ', '임상의'),
(1885, 'unavoidable ', '피할수없는불가피한'),
(1886, 'typically ', '보통전형적으로'),
(1887, 'whereby ', '그로써하는'),
(1888, 'simulate ', '모의실험[훈련]하다'),
(1889, 'alternative ', '대안적인대체의'),
(1890, 'recovery ', '회복'),
(1891, 'collective ', '집단적인'),
(1892, 'appoint ', '임명하다정하다'),
(1893, 'ambassador ', '대사특사'),
(1894, 'stimulate ', '자극하다활발하게하다'),
(1895, 'derive from ', '에서유래하다'),
(1896, 'merit ', '가치장점'),
(1897, 'legitimate ', '정당한타당한'),
(1898, 'cynical ', '냉소적인부정적인'),
(1899, 'sociologist ', '사회학자'),
(1900, 'rely on ', '에의존하다'),
(1901, 'agency ', '행위주체'),
(1902, 'subtly ', '미묘하게'),
(1903, 'outcome ', '결과'),
(1904, 'in the face of ', '직면했음에도불구하고'),
(1905, 'activism ', '행동활동주의'),
(1906, 'norm ', '규범'),
(1907, 'intersect ', '교차하다'),
(1908, 'in turn ', '결국그결과'),
(1909, 'dimension ', '특성차원'),
(1910, 'rest with ', '에달려있다'),
(1911, 'preference ', '선호'),
(1912, 'determine ', '결정하다'),
(1913, 'vote ', '투표'),
(1914, 'in favour of ', '찬성하는찬성하여'),
(1915, 'refusal ', '거부거절'),
(1916, 'carry on ', '유지되다계속하다'),
(1917, 'profit ', '수익이윤'),
(1918, 'excessive ', '과도한'),
(1919, 'attract ', '끌어들이다유도하다'),
(1920, 'expand ', '성장하다확장되다'),
(1921, 'adequately ', '충분히적당히'),
(1922, 'commodity ', '상품'),
(1923, 'proper ', '적당한적절한'),
(1924, 'readiness ', '기꺼이하려는마음용의'),
(1925, 'be willing to do ', '기꺼이하다'),
(1926, 'preserve ', '유지하다보전하다'),
(1927, 'scarcity ', '부족결핍'),
(1928, 'scarce ', '부족한드문'),
(1929, 'legal ', '법률상의법률에관한'),
(1930, 'socialization ', '사회화'),
(1931, 'obligation ', '의무가있음'),
(1932, 'authority ', '권위권한'),
(1933, 'societal ', '사회의'),
(1934, 'code ', '규범규약'),
(1935, 'criminalize ', '법으로금지하다'),
(1936, 'immoral ', '비도덕적인부도덕한'),
(1937, 'necessarily ', '반드시필연적으로'),
(1938, 'prohibit ', '금지하다금하다'),
(1939, 'abstractly ', '관념적으로추상적으로'),
(1940, 'regulation ', '규제규정'),
(1941, 'intervene ', '끼어들다가로막다'),
(1942, 'in and of itself ', '그자체로'),
(1943, 'reward ', '보상'),
(1944, 'strive ', '노력하다힘쓰다'),
(1945, 'awareness ', '의식인식'),
(1946, 'mindful ', '유념하는의식하는'),
(1947, 'overeat ', '과식하다'),
(1948, 'microbial ', '미생물의'),
(1949, 'vertically ', '수직적으로'),
(1950, 'newborn ', '신생아아기'),
(1951, 'organism ', '유기체생물'),
(1952, 'diverse ', '다양한'),
(1953, 'infant ', '아기유아'),
(1954, 'assemble ', '짜서갖추다조립하다'),
(1955, 'legacy ', '유산'),
(1956, 'antibiotic ', '항생제'),
(1957, 'extinct ', '멸종된'),
(1958, 'prompt ', '촉구하다유도하다'),
(1959, 'preserve ', '보존하다'),
(1960, 'biobank ', '생체자원은행'),
(1961, 'spoil ', '상하다'),
(1962, 'package ', '포장지'),
(1963, 'represent ', '나타내다'),
(1964, 'last ', '오래가다지속되다'),
(1965, 'calculate ', '계산하다'),
(1966, 'shelf life ', '저장수명'),
(1967, 'storage ', '보관저장소'),
(1968, 'spoilage ', '부패손상'),
(1969, 'premature ', '너무빠른성급한'),
(1970, 'toss ', '내버리다내던지다'),
(1971, 'nutrition ', '영양학'),
(1972, 'endeavor ', '노력시도'),
(1973, 'laboratory ', '실험실'),
(1974, 'be aimed at ', '목표로하다'),
(1975, 'livestock ', '가축'),
(1976, 'intimately ', '밀접하게상세히'),
(1977, 'be tied to ', '연관되어있다'),
(1978, 'regarding ', '에관하여'),
(1979, 'inevitably ', '필연적으로반드시'),
(1980, 'bump up against ', '부딪히다에직면하다'),
(1981, 'reason ', '이성근거'),
(1982, 'unintentionally ', '고의아니게무심코'),
(1983, 'insert oneself to ', '으로들어가다'),
(1984, 'manifestation ', '나타남징후'),
(1985, 'ideally ', '이상적으로완벽하게'),
(1986, 'suited to ', '에적합한에잘맞는'),
(1987, 'remedy ', '해결책구제책'),
(1988, 'hold out ', '희망이보이다'),
(1989, 'concern ', '관련이있다'),
(1990, 'tremendous ', '엄청난'),
(1991, 'facility ', '시설'),
(1992, 'on behalf of ', '대표하여'),
(1993, 'resident ', '주민거주자'),
(1994, 'install ', '설치하다'),
(1995, 'temporary ', '임시의'),
(1996, 'measure ', '조치'),
(1997, 'address ', '문제다루다'),
(1998, 'logic ', '타당성논리'),
(1999, 'implement ', '이행하다실행하다'),
(2000, 'resolve ', '해결하다'),
(2001, 'uncontrollably ', '걷잡을수없이'),
(2002, 'regarding ', '에대해'),
(2003, 'respond to ', '응답대응하다'),
(2004, 'minimal ', '최소한의'),
(2005, 'be equated with ', '동일시되다'),
(2006, 'pursuit ', '추구'),
(2007, 'positional ', '위치상의'),
(2008, 'relative ', '상대적인'),
(2009, 'ranking ', '순위'),
(2010, 'paradoxically ', '역설적으로'),
(2011, 'goalpost ', '골대'),
(2012, 'sunny ', '명랑한'),
(2013, 'take credit for ', '에대한공차지하다'),
(2014, 'seek ', '찾다구하다'),
(2015, 'attribute   to ', '탓으로돌리다'),
(2016, 'spectacular ', '환상적인'),
(2017, 'sufficient ', '충분한'),
(2018, 'peak ', '절정'),
(2019, 'in all probability ', '십중팔구아마도'),
(2020, 'statistician ', '통계학자'),
(2021, 'mean ', '평균'),
(2022, 'typical ', '일반적인전형적인'),
(2023, 'revenge ', '복수보복'),
(2024, 'population density ', '인구밀도'),
(2025, 'sustainability ', '지속가능성'),
(2026, 'prioritize ', '우선순위결정하다'),
(2027, 'utilize ', '활용하다이용하다'),
(2028, 'solid waste ', '고형폐기물'),
(2029, 'alternative ', '대안다른방도'),
(2030, 'descending order ', '내림차순'),
(2031, 'waste to energy ', '폐기물의에너지화'),
(2032, 'landfilling ', '매립'),
(2033, 'recognize ', '인정하다인식하다'),
(2034, 'associated with ', '관련된'),
(2035, 'overuse ', '남용과도한사용'),
(2036, 'appropriate ', '적절한'),
(2037, 'emphasis ', '주안점강조'),
(2038, 'interchange ', '주고받기교환'),
(2039, 'infer ', '추론하다암시하다'),
(2040, 'norm ', '규범규준'),
(2041, 'self presentation ', '자기표현'),
(2042, 'relatively ', '비교적'),
(2043, 'distinctive ', '독특한'),
(2044, 'aspect ', '면양상'),
(2045, 'technoscientific ', '기술과학적인'),
(2046, 'illusion ', '오해착각환상'),
(2047, 'highlight ', '부각하다강조하다'),
(2048, 'artifact ', '인공물인공산물'),
(2049, 'contemporary ', '현대의동시대의'),
(2050, 'decidedly ', '분명하게확실하게'),
(2051, 'endeavor ', '노력시도'),
(2052, 'efficacy ', '효능유효성'),
(2053, 'implement ', '간단한도구기구'),
(2054, 'horizon ', '범위시야'),
(2055, 'a host of ', '다수의'),
(2056, 'privilege ', '특권주다'),
(2057, 'reformer ', '개혁가'),
(2058, 'activist ', '정치사회활동가'),
(2059, 'subsequent ', '이어지는차후의'),
(2060, 'advocate ', '옹호자'),
(2061, 'unity ', '통합'),
(2062, 'outbreak ', '전쟁등의발발'),
(2063, 'pioneer ', '개척하다주도하다'),
(2064, 'co founder ', '공동창립자'),
(2065, 'executive ', '임원관리자'),
(2066, 'promote ', '증진하다'),
(2067, 'proposal ', '제안'),
(2068, 'authority ', '기관당국관계자'),
(2069, 'reputation ', '명성'),
(2070, 'patent ', '특허권'),
(2071, 'grant ', '승인하다부여하다'),
(2072, 'maintain ', '유지하다'),
(2073, 'socialize ', '교제하다어울리다'),
(2074, 'distance learning ', '원격교육'),
(2075, 'session ', '수업시간'),
(2076, 'engage ', '관계맺다'),
(2077, 'faculty ', '교수진'),
(2078, 'academic ', '이론적인학술적인'),
(2079, 'interactive ', '쌍방향의상호작용하는'),
(2080, 'consultation ', '상담'),
(2081, 'showcase ', '공개행사'),
(2082, 'registration ', '등록'),
(2083, 'cancel ', '취소하다'),
(2084, 'free of charge ', '무료로'),
(2085, 'jump rope ', '줄넘기'),
(2086, 'announce ', '발표하다'),
(2087, 'submit ', '제출하다'),
(2088, 'entry ', '출품작'),
(2089, 'gift certificate ', '상품권'),
(2090, 'theoretical ', '이론적인'),
(2091, 'perspective ', '관점'),
(2092, 'existential ', '실존주의적인'),
(2093, 'vulnerability ', '취약점'),
(2094, 'transformation ', '변모변화'),
(2095, 'fundamental ', '근본적인본원적인'),
(2096, 'authenticity ', '진정성'),
(2097, 'be derived from ', '으로부터유래하다'),
(2098, 'discomfort ', '불편함불안'),
(2099, 'trade ', '거래하다교환하다'),
(2100, 'persuade ', '설득하다'),
(2101, 'coincidence ', '의견등의일치'),
(2102, 'extremely ', '극도로극히'),
(2103, 'inefficient ', '비효율적인비능률적인'),
(2104, 'transaction ', '거래매매'),
(2105, 'hold down ', '억제하다'),
(2106, 'opposition ', '반대항의'),
(2107, 'attach ', '부여하다연관짓다'),
(2108, 'connection ', '연관성'),
(2109, 'make sense ', '이해가되다타당하다'),
(2110, 'associate ', '연관짓다연상하다'),
(2111, 'significant ', '특별한의미가있는중요한'),
(2112, 'specifically ', '특히분명히'),
(2113, 'subjective ', '개인적인주관적인'),
(2114, 'interpretation ', '해석이해'),
(2115, 'primarily ', '주로'),
(2116, 'distribute ', '퍼뜨리다배포하다'),
(2117, 'ambiguity ', '애매모호함'),
(2118, 'sociology ', '사회학'),
(2119, 'presume ', '가정추정하다'),
(2120, 'institution ', '제도관례'),
(2121, 'objective ', '객관적인'),
(2122, 'impartial ', '편견없는공정한'),
(2123, 'perspective ', '관점'),
(2124, 'common sense ', '상식적인'),
(2125, 'invalid ', '근거가없는효력이없는'),
(2126, 'ambiguous ', '모호한'),
(2127, 'satisfactory ', '만족스러운'),
(2128, 'employ ', '쓰다사용하다'),
(2129, 'depending upon ', '에따라'),
(2130, 'take place ', '일어나다발생하다'),
(2131, 'suppose ', '가정하다'),
(2132, 'investment ', '투자'),
(2133, 'stock market ', '주식시장'),
(2134, 'disastrously ', '끔찍하게'),
(2135, 'leap ', '뛰다도약하다'),
(2136, 'caution ', '주의'),
(2137, 'declare ', '단언하다선언하다'),
(2138, 'hesitate ', '망설이다머뭇거리다'),
(2139, 'of no value ', '아무가치가없는'),
(2140, 'framework ', '틀체제뼈대'),
(2141, 'elaborate on ', '상세히설명하다'),
(2142, 'rational ', '합리적인'),
(2143, 'eventually ', '결국'),
(2144, 'dimension ', '일면차원'),
(2145, 'alternative ', '대안'),
(2146, 'assumption ', '가정'),
(2147, 'optimal ', '최적의'),
(2148, 'purely ', '순전히전적으로'),
(2149, 'inappropriate ', '부적절한'),
(2150, 'situate ', '위치시키다'),
(2151, 'exhibit ', '전시하다'),
(2152, 'variation ', '차이변화'),
(2153, 'exhibition ', '전시전시회'),
(2154, 'typical ', '전형적인대표적인'),
(2155, 'preserve ', '보존하다'),
(2156, 'celebrity ', '유명연예인유명인사'),
(2157, 'access ', '접근방법'),
(2158, 'cover ', '보도하다방송하다'),
(2159, 'romantic ', '연애의로맨틱한'),
(2160, 'unreality ', '비현실성'),
(2161, 'twists and turns ', '우여곡절'),
(2162, 'project ', '보여주다표현하다'),
(2163, 'accessible ', '다가가기쉬운접근가능한'),
(2164, 'familiarity ', '친근함익숙함'),
(2165, 'sue ', '소송제기하다'),
(2166, 'invasion ', '침해침범'),
(2167, 'commercially ', '상업적으로'),
(2168, 'permission ', '허락허가'),
(2169, 'investment ', '투자투입'),
(2170, 'mutual ', '상호적인상호간의'),
(2171, 'representative ', '대리인대표자'),
(2172, 'loyalty ', '충성심성실'),
(2173, 'glamorous ', '매력이넘치는화려한'),
(2174, 'generation ', '생성발생'),
(2175, 'structure ', '구조화하다'),
(2176, 'commercialize ', '상업화하다'),
(2177, 'obvious ', '확실한분명한'),
(2178, 'routine ', '일상적인정기적인'),
(2179, 'news organization ', '언론사'),
(2180, 'embrace ', '받아들이다포착하다'),
(2181, 'expand ', '확대되다확장되다'),
(2182, 'absence ', '부재결핍'),
(2183, 'appropriate ', '적절한타당한'),
(2184, 'barrier ', '장벽한계'),
(2185, 'advent ', '출현도래'),
(2186, 'determinism ', '결정론'),
(2187, 'demonstration ', '보여주는실례'),
(2188, 'phenomenon ', '현상'),
(2189, 'specifically ', '구체적으로말해'),
(2190, 'vertical ', '수직의'),
(2191, 'recognize ', '인식하다'),
(2192, 'temporal ', '시간의'),
(2193, 'cognitive ', '인지의'),
(2194, 'translate into ', '으로연결되다'),
(2195, 'performance ', '수행성과'),
(2196, 'term ', '용어'),
(2197, 'horizontal ', '수평의'),
(2198, 'dimension ', '차원'),
(2199, 'associated with ', '관련된'),
(2200, 'arrangement ', '배열'),
(2201, 'sustainable tourism ', '지속가능한관광'),
(2202, 'convey ', '시사하다전달하다'),
(2203, 'functional ', '기능적인'),
(2204, 'societal ', '사회의'),
(2205, 'obligation ', '의무임무'),
(2206, 'ensure ', '확보하다보장하다'),
(2207, 'maintain ', '유지하다'),
(2208, 'physical ', '물리적인'),
(2209, 'preserved ', '보존된'),
(2210, 'acknowledgment ', '인정'),
(2211, 'acceptance ', '받아들임수용'),
(2212, 'concept ', '개념'),
(2213, 'ecotourism ', '생태관광'),
(2214, 'interchangeably ', '서로바꿔서서로교체해서'),
(2215, 'nuance ', '뉘앙스미묘한차이'),
(2216, 'significant ', '중요한'),
(2217, 'fundamental ', '기본적인근본적인'),
(2218, 'as such ', '따라서그러므로'),
(2219, 'intrinsic ', '본질적인내재적인'),
(2220, 'dimension ', '관점국면차원'),
(2221, 'recognition ', '인정인식'),
(2222, 'desirable ', '바람직한'),
(2223, 'intention ', '의도'),
(2224, 'hard cash ', '수표어음에대하여현금'),
(2225, 'host ', '진행자'),
(2226, 'tape ', '녹화하다녹음하다'),
(2227, 'spectacle ', '구경거리'),
(2228, 'put together', '만들다구성하다'),
(2229, 'cover up ', '가리다'),
(2230, 'on the air ', '방송중인'),
(2231, 'behind the scenes ', '무대뒤의'),
(2232, 'completion ', '완성'),
(2233, 'ingredient ', '재료'),
(2234, 'cupboard ', '찬장'),
(2235, 'instruction ', '지시설명서'),
(2236, 'watch for ', '지켜보며기다리다'),
(2237, 'constructed ', '구성된'),
(2238, 'employ ', '사용하다'),
(2239, 'trade name ', '상표명'),
(2240, 'novelty ', '참신함새로움'),
(2241, 'alternative ', '대체의대안의'),
(2242, 'conventional ', '전통적인관례따르는'),
(2243, 'numerous ', '수많은'),
(2244, 'adopt ', '채택하다'),
(2245, 'imply ', '나타내다암시하다'),
(2246, 'specifically ', '특히'),
(2247, 'potentially ', '어쩌면'),
(2248, 'feature ', '특징'),
(2249, 'intensify ', '강화하다'),
(2250, 'reflection ', '성찰'),
(2251, 'searchlight ', '탐조등'),
(2252, 'afford ', '제공하다'),
(2253, 'suggestive ', '시사하는바가많은'),
(2254, 'narrative ', '서사의이야기의'),
(2255, 'instrumental value ', '도구적가치'),
(2256, 'induce ', '유발하다'),
(2257, 'instrumentation ', '기악편성'),
(2258, 'vocalization ', '발성'),
(2259, 'therapeutic ', '치료효과가있는'),
(2260, 'dwell on ', '에대해숙고하다'),
(2261, 'forgiveness ', '용서'),
(2262, 'grief ', '슬픔'),
(2263, 'significance ', '의미중요성'),
(2264, 'charged ', '어떤감정에차있는격앙된'),
(2265, 'cognitive ', '인지적인'),
(2266, 'deepen ', '심화시키다'),
(2267, 'be constitutive of ', '의구성요소이다'),
(2268, 'technician ', '기술자'),
(2269, 'licensed ', '자격증소지한'),
(2270, 'lease ', '임대차계약'),
(2271, 'make ends meet ', '겨우먹고살만큼벌다'),
(2272, 'get a kick ', '즐거움느끼다'),
(2273, 'admire ', '감탄하다존경하다'),
(2274, 'heavy handed ', '냉정한엄한'),
(2275, 'absolutely ', '정말로완전히'),
(2276, 'element ', '요소'),
(2277, 'fulfilling ', '성취감주는만족스러운'),
(2278, 'on behalf of ', '대신해서'),
(2279, 'board of directors ', '이사회'),
(2280, 'association ', '협회'),
(2281, 'appreciate ', '감사하다'),
(2282, 'organization ', '조직'),
(2283, 'project ', '사업프로젝트'),
(2284, 'represent ', '대변하다나타내다'),
(2285, 'unified ', '통일된'),
(2286, 'host ', '개최하다'),
(2287, 'annual ', '연례의'),
(2288, 'foster ', '발전시키다'),
(2289, 'consideration ', '고려'),
(2290, 'postpone ', '연기하다'),
(2291, 'announce ', '공지하다'),
(2292, 'exact ', '정확한'),
(2293, 'monitor ', '추적관찰하다'),
(2294, 'status ', '상황'),
(2295, 'dormitory', '기숙사'),
(2296, 'flip ', '뒤집다휙휙넘기다'),
(2297, 'convince ', '확신시키다설득하다'),
(2298, 'focused ', '집중한'),
(2299, 'suspect ', '의심스러운사람주요인물'),
(2300, 'discipline ', '지식분야학과목'),
(2301, 'sector ', '부문분야'),
(2302, 'participant ', '참가자'),
(2303, 'hang out at ', '에자주가다'),
(2304, 'edge ', '경계변두리가장자리'),
(2305, 'gather ', '끌어들이다모으다'),
(2306, 'collide with ', '우연히마주치다충돌하다'),
(2307, 'spark ', '촉발하다유발하다'),
(2308, 'trigger ', '촉발하다작동시키다'),
(2309, 'assertive ', '확신에찬적극적인'),
(2310, 'interpret ', '설명하다해석하다'),
(2311, 'arrogant ', '오만한'),
(2312, 'contextually ', '문맥상으로'),
(2313, 'appropriate ', '적절한'),
(2314, 'interpersonal ', '대인관계에관련된개인간의'),
(2315, 'potential ', '잠재성가능성'),
(2316, 'systematically ', '체계적으로'),
(2317, 'intensively ', '강하게철저하게'),
(2318, 'merely ', '그저단지'),
(2319, 'probability ', '개연성있법함'),
(2320, 'postindustrial ', '탈공업화시대의산업화이후의'),
(2321, 'convey ', '전달하다'),
(2322, 'purchase ', '사다구입하다'),
(2323, 'thread ', '실'),
(2324, 'weave ', '짜다엮다'),
(2325, 'linen ', '리넨'),
(2326, 'fabric ', '천직물'),
(2327, 'supercharge ', '과도하게채우다'),
(2328, 'personality ', '인격성격'),
(2329, 'nurture ', '양육하다'),
(2330, 'certainty ', '확신확실성'),
(2331, 'permanence ', '영속성영구성'),
(2332, 'immortality ', '불멸'),
(2333, 'long for ', '갈망하다'),
(2334, 'to the contrary ', '반대되는'),
(2335, 'badly ', '간절히몹시'),
(2336, 'anthropologist ', '인류학자'),
(2337, 'primitive ', '원시의'),
(2338, 'gather ', '모으다'),
(2339, 'stability ', '안정성'),
(2340, 'reliability ', '신뢰성'),
(2341, 'predictability ', '예측가능성'),
(2342, 'unethical ', '비윤리적인'),
(2343, 'constant ', '지속적인'),
(2344, 'conduct ', '행하다'),
(2345, 'absolute ', '절대적인'),
(2346, 'extension ', '확장'),
(2347, 'shiny ', '빛나는반짝거리는'),
(2348, 'shatter ', '산산조각내다'),
(2349, 'purposely ', '의도적으로고의로'),
(2350, 'capture ', '포착기록'),
(2351, 'reflect ', '비추다반사하다'),
(2352, 'portable ', '휴대용의'),
(2353, 'distort ', '왜곡일그러뜨리다'),
(2354, 'manipulate ', '조작하다속이다'),
(2355, 'deception ', '속임수기만'),
(2356, 'mislead ', '호도하다속이다'),
(2357, 'as opposed to ', '이아니라는대조적으로'),
(2358, 'sneak ', '슬쩍몰래움직이다'),
(2359, 'flatten ', '입체평면화하다'),
(2360, 'dimension ', '차원크기'),
(2361, 'formerly ', '이전에는전에'),
(2362, 'sparrow hawk ', '새매'),
(2363, 'territory ', '지역영역'),
(2364, 'resident ', '텃새'),
(2365, 'extremely ', '매우몹시'),
(2366, 'distinguish ', '특징짓다구별하다'),
(2367, 'mustache ', '새의부리근처의깃털'),
(2368, 'underpart ', '새짐승의배복부'),
(2369, 'crown ', '머리의정수리'),
(2370, 'prairie ', '초원목초지'),
(2371, 'adaptability ', '적응성'),
(2372, 'teleworking ', '재택근무'),
(2373, 'outbreak ', '발생발발'),
(2374, 'equipment ', '장비'),
(2375, 'adequate ', '적절한'),
(2376, 'interruption ', '방해'),
(2377, 'motivated ', '동기가부여된'),
(2378, 'buddy ', '친구'),
(2379, 'prior to ', '전에'),
(2380, 'additional ', '추가적인'),
(2381, 'in person ', '직접만나서'),
(2382, 'scholar ', '학생학습자'),
(2383, 'intellect ', '지능지력'),
(2384, 'enhance ', '높이다'),
(2385, 'motivation ', '동기부여'),
(2386, 'creativity ', '창의성'),
(2387, 'previous ', '사전의이전의'),
(2388, 'due to ', '때문에'),
(2389, 'plenty of ', '많은'),
(2390, 'personalized ', '개인맞춤형의'),
(2391, 'competition ', '대회'),
(2392, 'registration ', '등록'),
(2393, 'prior to ', '이전에'),
(2394, 'status ', '상황'),
(2395, 'accurate ', '정확한'),
(2396, 'resident ', '주민'),
(2397, 'practical ', '실제적인실용적인'),
(2398, 'embody ', '구현하다구체화하다'),
(2399, 'craft ', '기술공예'),
(2400, 'derive from ', '에서유래하다'),
(2401, 'abstract ', '추상적인'),
(2402, 'phenomenon ', '현상'),
(2403, 'instruction ', '교육훈련'),
(2404, 'hands on ', '실제로조작하는'),
(2405, 'mechanics ', '기계학역학'),
(2406, 'rub ', '문지르다'),
(2407, 'combustion ', '연소'),
(2408, 'conversely ', '반대로말하자면역으로'),
(2409, 'apply ', '적용하다'),
(2410, 'theoretical ', '이론적인'),
(2411, 'systematize ', '체계화하다'),
(2412, 'extent ', '정도범위'),
(2413, 'prior to ', '에앞선'),
(2414, 'independent of ', '독립적인'),
(2415, 'missionary ', '선교사'),
(2416, 'anthropologist ', '인류학자'),
(2417, 'affection ', '애정'),
(2418, 'regard ', '평가하다'),
(2419, 'company ', '함께있는동반자'),
(2420, 'the norm ', '일반적인표준'),
(2421, 'exception ', '예외'),
(2422, 'unwilling ', '꺼리는마지못해하는'),
(2423, 'consume ', '감정에휩싸이다소비하다'),
(2424, 'grief ', '큰슬픔비탄'),
(2425, 'attachment ', '애착'),
(2426, 'amusement ', '재미즐거움'),
(2427, 'primitive ', '원시적인원시의'),
(2428, 'account ', '기술설명'),
(2429, 'companion ', '반려자동반자'),
(2430, 'relatively ', '비교적'),
(2431, 'vote ', '투표하다'),
(2432, 'pollster ', '여론조사가'),
(2433, 'predict ', '예측하다'),
(2434, 'in the event ', '막상닥쳐보니정작은'),
(2435, 'directory ', '인명부'),
(2436, 'biased ', '편향된'),
(2437, 'the better off ', '부유층'),
(2438, 'construct ', '구성하다'),
(2439, 'representation ', '표상表象'),
(2440, 'analysis ', '분석'),
(2441, 'sensory ', '감각의'),
(2442, 'perception ', '인식'),
(2443, 'unique ', '독특한'),
(2444, 'history ', '이력'),
(2445, 'ensure ', '틀림없이하게하다'),
(2446, 'color ', '영향끼치다'),
(2447, 'variation ', '차이'),
(2448, 'identical ', '같은'),
(2449, 'legal ', '법률과관련된법적인'),
(2450, 'context ', '상황'),
(2451, 'eyewitness ', '목격자증인'),
(2452, 'informal ', '비공식적인'),
(2453, 'period ', '시간수업시간'),
(2454, 'concentration ', '집중'),
(2455, 'artificial ', '인위적인'),
(2456, 'ticking ', '똑딱거리는'),
(2457, 'interrupt ', '중단시키다방해하다'),
(2458, 'spatial ', '공간의'),
(2459, 'constrain ', '제한하다'),
(2460, 'nurture ', '기르다'),
(2461, 'contextual ', '맥락과관련된'),
(2462, 'common sense ', '상식적인상식의'),
(2463, 'term ', '이라는용어로부르다'),
(2464, 'opinion polling ', '여론조사의'),
(2465, 'pollster ', '여론조사원'),
(2466, 'unreliable ', '신뢰할수없는'),
(2467, 'conscious ', '자각하고있는의식적인'),
(2468, 'tricky ', '까다로운곤란한'),
(2469, 'scarce ', '부족한'),
(2470, 'expensive ', '비싼비경제적인'),
(2471, 'modest ', '적당한'),
(2472, 'alternative fuel ', '대체연료'),
(2473, 'operational ', '운영용의운영상의'),
(2474, 'emergency vehicle ', '비상차량'),
(2475, 'agricultural machinery ', '농기계'),
(2476, 'aircraft ', '항공기'),
(2477, 'extract ', '추출하다'),
(2478, 'crude oil ', '원유'),
(2479, 'organic chemical ', '유기화학물질'),
(2480, 'comprise ', '구성하다'),
(2481, 'transform ', '변환하다'),
(2482, 'substitute for ', '대체하다'),
(2483, 'discretionary', '자유재량의'),
(2484, 'expenditure ', '비용지출'),
(2485, 'typically ', '일반적으로보통'),
(2486, 'revenue ', '수익수입'),
(2487, 'sufficient ', '충분한'),
(2488, 'nonessential ', '꼭필요하진않은'),
(2489, 'prime ', '일차적인주된'),
(2490, 'candidate ', '후보자지원자'),
(2491, 'elimination ', '제거삭제'),
(2492, 'discretionary income ', '재량소득'),
(2493, 'without a second thought ', '두번생각할것도없이'),
(2494, 'desperately ', '몹시간절히'),
(2495, 'pitcher ', '투수'),
(2496, 'section ', '구간부문'),
(2497, 'evolve ', '진화하다'),
(2498, 'be inclined to do ', '하는경향이있다'),
(2499, 'storage ', '저장'),
(2500, 'puzzle over ', '에대해숙고하다'),
(2501, 'abstract ', '추상적인'),
(2502, 'can’t help but do ', '하지않수없다'),
(2503, 'draw on ', '이용하다'),
(2504, 'concrete ', '구체적인'),
(2505, 'conceive of   as ', '으로간주[생각]하다'),
(2506, 'bulky ', '부피가큰'),
(2507, 'clone ', '복제품'),
(2508, 'gene ', '유전자'),
(2509, 'destination ', '행선지여행의목적지'),
(2510, 'mass ', '대규모의'),
(2511, 'strive ', '노력하다'),
(2512, 'the Arctic ', '북극포함하는주변지역'),
(2513, 'phenomenon ', '현상'),
(2514, 'manifest ', '나타내다드러내보이다'),
(2515, 'publication ', '출판물'),
(2516, 'literature ', '서적문헌'),
(2517, 'forcefully ', '강력하게강하게'),
(2518, 'awareness ', '인식'),
(2519, 'vanish ', '사라지다'),
(2520, 'depict ', '묘사하다'),
(2521, 'construct ', '구상하다구성하다'),
(2522, 'comprise ', '포함하다'),
(2523, 'not least ', '특히'),
(2524, 'distribution', '배포'),
(2525, 'warehouse ', '창고'),
(2526, 'in comparison ', '비교해보면'),
(2527, 'component ', '부품구성요소'),
(2528, 'standardized ', '표준화된규격화된'),
(2529, 'routinized ', '규칙화된관례화된'),
(2530, 'infinite ', '무한한끝없는'),
(2531, 'firmness ', '경도견고함'),
(2532, 'orientation ', '방향'),
(2533, 'non rectangular ', '직사각형이아닌 '),
(2534, 'grasp ', '잡다이해하다'),
(2535, 'assembly ', '대량생산위한조립'),
(2536, 'efficiently ', '효율적으로'),
(2537, 'reposition ', '의위치옮기다'),
(2538, 'storyteller ', '이야기꾼만담가'),
(2539, 'public sphere ', '공공권'),
(2540, 'distribution ', '배포분배'),
(2541, 'content ', '컴퓨터콘텐츠내용'),
(2542, 'instant ', '즉각적인즉시의'),
(2543, 'censor ', '검열하다'),
(2544, 'enthusiastic ', '열의가있는열심인'),
(2545, 'literate ', '읽고쓸줄아는다룰수있는'),
(2546, 'ensure ', '확실하게하다보장하다'),
(2547, 'administer ', '주다부여하다'),
(2548, 'interpret ', '해석하다설명하다'),
(2549, 'priest ', '사제성직자'),
(2550, 'financial ', '재정의'),
(2551, 'editorial ', '편집의'),
(2552, 'immediate ', '직접적인당면한'),
(2553, 'feature ', '특징으로삼다'),
(2554, 'adapt ', '적응하다'),
(2555, 'add to ', '늘리다'),
(2556, 'adoption ', '입양'),
(2557, 'possibility ', '어울리는것'),
(2558, 'foster care ', '위탁돌봄'),
(2559, 'regulation ', '규정규제'),
(2560, 'reinforce ', '강화하다'),
(2561, 'back off ', '하지않기로하다'),
(2562, 'clarify ', '명확하게하다'),
(2563, 'miserable ', '비참한괴로운'),
(2564, 'hesitation ', '망설임'),
(2565, 'legal ', '법적인'),
(2566, 'rationalize ', '합리화하다'),
(2567, 'medication ', '약물치료'),
(2568, 'temporary ', '임시의'),
(2569, 'be meant for ', '천생연분이다'),
(2570, 'get along famously ', '아주사이가좋다'),
(2571, 'rental agreement ', '임대계약서'),
(2572, 'security deposit ', '보증금'),
(2573, 'as of  ', '현재'),
(2574, 'terms ', '합의계약등의조건'),
(2575, 'check ', '수표'),
(2576, 'therapist ', '치료사'),
(2577, 'recommend ', '추천하다'),
(2578, 'pause ', '잠시멈추다'),
(2579, 'raw ', '있는그대로의'),
(2580, 'speak up ', '털어놓고말하다'),
(2581, 'let go of ', '떨쳐버리다놓아주다'),
(2582, 'on one’s behalf ', '대신에'),
(2583, 'inevitable ', '불가피한필연적인'),
(2584, 'statistically ', '통계상으로'),
(2585, 'disastrous ', '파멸초래하는파괴적인'),
(2586, 'potential ', '가능성'),
(2587, 'infinitely ', '훨씬대단히'),
(2588, 'impact ', '영향주다'),
(2589, 'insufficient ', '불충분한'),
(2590, 'ethical ', '윤리적인'),
(2591, 'implication ', '영향관련성'),
(2592, 'probability ', '확률'),
(2593, 'outstandingly ', '탁월하게'),
(2594, 'possess ', '지니다소유하다'),
(2595, 'innocence ', '순수함'),
(2596, 'seemingly ', '겉보기에'),
(2597, 'naive ', '순진한'),
(2598, 'reflection ', '비친모습'),
(2599, 'ultimate ', '최고의'),
(2600, 'profound ', '엄청난'),
(2601, 'consequence ', '결과'),
(2602, 'flexible ', '유연한'),
(2603, 'ambiguity ', '모호함'),
(2604, 'geography ', '지형지리'),
(2605, 'shut down ', '멈추다문닫다'),
(2606, 'mood ', '기분분위기'),
(2607, 'meltdown ', '붕괴폭락'),
(2608, 'shelter ', '대피소'),
(2609, 'periodically ', '주기적으로간헐적으로'),
(2610, 'burst into tears ', '울음터뜨리다'),
(2611, 'stick to ', '계속하다고수하다'),
(2612, 'inevitably ', '반드시필연적으로'),
(2613, 'vital ', '없어서는안될필수적인'),
(2614, 'nourishment ', '영양음식물'),
(2615, 'emergency ', '비상사태'),
(2616, 'substitute ', '대체하다대신하다'),
(2617, 'content ', '함량내용물'),
(2618, 'sustain ', '지탱하다살아가게하다'),
(2619, 'derive from ', '대화내용을끌어내다 '),
(2620, 'consumption ', '섭취'),
(2621, 'translate into ', '으로바뀌다'),
(2622, 'combat ', '방지하다싸우다'),
(2623, 'obesity ', '비만'),
(2624, 'evaluate ', '값을구하다평가하다'),
(2625, 'colleague ', '동료'),
(2626, 'regular ', '잦은주기적인'),
(2627, 'physicist ', '물리학자'),
(2628, 'approximation ', '추정어림셈근삿값'),
(2629, 'emerge ', '나오다생겨나다'),
(2630, 'portray ', '보여주다'),
(2631, 'progression ', '진전진행'),
(2632, 'revision ', '수정'),
(2633, 'replace ', '대체하다'),
(2634, 'retain ', '유지하다'),
(2635, 'accurate ', '정확한'),
(2636, 'phenomenon ', '현상'),
(2637, 'clash ', '충돌하다'),
(2638, 'in possession of ', '가지고있는'),
(2639, 'border ', '국경지역'),
(2640, 'obviously ', '확연히확실히'),
(2641, 'introverted ', '내성적인'),
(2642, 'proceed ', '나아가다진행하다'),
(2643, 'fascination ', '매혹매력'),
(2644, 'doctorate ', '박사학위'),
(2645, 'convinced ', '확신하는'),
(2646, 'establish ', '수립하다확립하다'),
(2647, 'spiritual ', '영적인정신의'),
(2648, 'rural area ', '시골지역'),
(2649, 'sociable ', '사교적인'),
(2650, 'intermediate ', '중급자'),
(2651, 'head out ', '출발하다'),
(2652, 'beverage ', '음료'),
(2653, 'trail ', '산길오솔길'),
(2654, 'route ', '경로'),
(2655, 'multidisciplinary ', '여러전문분야에걸친'),
(2656, 'methodology ', '방법론'),
(2657, 'selective ', '선별적인'),
(2658, 'application ', '신청서'),
(2659, 'certificate ', '수료[이수]증명서'),
(2660, 'tuition ', '수업료'),
(2661, 'virtue ', '덕목미덕'),
(2662, 'cultivate ', '기르다재배하다'),
(2663, 'proper ', '올바른적절한'),
(2664, 'being ', '생명체존재'),
(2665, 'obviously ', '분명히명백히'),
(2666, 'humble ', '겸손한보잘것없는'),
(2667, 'be mindful of ', '의식하다에유의하다'),
(2668, 'supposed ', '소위[이른바]이라는'),
(2669, 'suffering ', '고통괴로움'),
(2670, 'state owned ', '국영의'),
(2671, 'extremely ', '매우극도로'),
(2672, 'interest rate ', '금리'),
(2673, 'alarm ', '불안하게[두렵게]만들다'),
(2674, 'given ', '고려해볼때'),
(2675, 'bankrupt ', '파산시키다'),
(2676, 'pressure ', '압력가하다'),
(2677, 'abandon ', '포기하다'),
(2678, 'effectively ', '효과적으로사실상'),
(2679, 'prosperous ', '부유한번창한'),
(2680, 'conventional wisdom ', '일반적통념'),
(2681, 'performance ', '솜씨발휘'),
(2682, 'self efficacy ', '자기효능감'),
(2683, 'be apt to do ', '하는경향이있다하기쉽다'),
(2684, 'persistence ', '끈기지속성'),
(2685, 'determinant ', '결정요인'),
(2686, 'self conscious ', '남의시선의식하는'),
(2687, 'component ', '구성요소'),
(2688, 'automatic ', '반사적인자동적인'),
(2689, 'preference ', '선호도'),
(2690, 'uncover ', '밝혀내다'),
(2691, 'addiction ', '중독'),
(2692, 'attachment ', '애착'),
(2693, 'narrative ', '이야기서사'),
(2694, 'aspiration ', '열망'),
(2695, 'executive ', '임원중역'),
(2696, 'at a minimum ', '최소한'),
(2697, 'barrier ', '장애물'),
(2698, 'have a hold on ', '지배하는힘이있다'),
(2699, 'counterfactually ', '반사실적으로'),
(2700, 'habitually ', '습관적으로'),
(2701, 'home appliance ', '가정용전기제품'),
(2702, 'transform ', '변모변화시키다'),
(2703, 'run down ', '축소하다'),
(2704, 'in debt ', '빚진'),
(2705, 'passable ', '간신히도달하는'),
(2706, 'fridge ', '냉장고'),
(2707, 'fault ', '결함결점'),
(2708, 'smash up ', '때려부수다'),
(2709, 'symbolic ', '상징적인'),
(2710, 'moderately ', '적당히알맞게'),
(2711, 'prompt ', '촉발하다일으키다'),
(2712, 'tribal ', '부족의;부족의일원'),
(2713, 'obvious ', '분명한명백한'),
(2714, 'contrast ', '다른점차이'),
(2715, 'commercial ', '상업적인상업의'),
(2716, 'characterize ', '특징이루다'),
(2717, 'explicitly ', '명확하게명시적으로'),
(2718, 'recognize ', '인식하다'),
(2719, 'dependence ', '의존성'),
(2720, 'in this respect ', '이점에있어서'),
(2721, 'concept ', '개념'),
(2722, 'limited ', '한정된제한된'),
(2723, 'good ', '재화효용'),
(2724, 'assumption ', '가정추정'),
(2725, 'finite ', '유한한한정된'),
(2726, 'unexpandable ', '확대불가능한'),
(2727, 'quantity ', '양'),
(2728, 'opposed ', '반대의'),
(2729, 'assume ', '가정하다추정하다'),
(2730, 'specific ', '특정한'),
(2731, 'attribute ', '속성특성'),
(2732, 'wealth leveling ', '부평준화의'),
(2733, 'device ', '장치방책'),
(2734, 'absolute ', '절대적인'),
(2735, 'property ', '재산'),
(2736, 'ceiling ', '상한선최고한도'),
(2737, 'center on ', '중심으로하다'),
(2738, 'contribute to ', '에기여하다'),
(2739, 'maintenance ', '유지'),
(2740, 'stable ', '안정적인'),
(2741, 'folk music ', '민속음악'),
(2742, 'attribute ', '속성'),
(2743, 'circulate ', '유통되다'),
(2744, 'yield ', '주다산출하다'),
(2745, 'presence ', '존재감'),
(2746, 'metropolis ', '대도시'),
(2747, 'host ', '진행하다주최하다'),
(2748, 'pick and choose ', '좋은것만가려서고르다'),
(2749, 'an abundance of ', '수두룩한풍부한'),
(2750, 'offering ', '제공하는물품'),
(2751, 'unchecked ', '억제되지않는'),
(2752, 'autonomy ', '자치권자율'),
(2753, 'phenomenal ', '경이적인'),
(2754, 'retain ', '유지하다'),
(2755, 'fad ', '일시적인유행'),
(2756, 'craze ', '열풍'),
(2757, 'consequence ', '결과'),
(2758, 'desperately ', '몹시'),
(2759, 'wildly ', '대단히'),
(2760, 'exaggerated ', '과장된'),
(2761, 'bust ', '불황'),
(2762, 'worthless ', '쓸모없는'),
(2763, 'astonished ', '깜짝놀란'),
(2764, 'appreciation ', '평가'),
(2765, 'sweep ', '휩쓸다'),
(2766, 'passion ', '열정'),
(2767, 'eventually ', '결국'),
(2768, 'make a fortune ', '재산모으다'),
(2769, 'sharply ', '급격하게'),
(2770, 'bankrupt ', '파산시키다'),
(2771, 'aesthetic ', '미적인'),
(2772, 'arrange ', '배열하다'),
(2773, 'refine ', '세련되게하다'),
(2774, 'irregular ', '불규칙한'),
(2775, 'asymmetrical ', '비대칭의'),
(2776, 'rationalism ', '합리주의이성주의'),
(2777, 'emerge ', '등장하다출현하다'),
(2778, 'meaninglessness ', '무의미함'),
(2779, 'transform ', '변형하다'),
(2780, 'instinctive ', '본능적인'),
(2781, 'affective ', '감정적인'),
(2782, 'irrational ', '비이성적인'),
(2783, 'take on ', '특정한특질모습등띠다'),
(2784, 'rationalistic ', '합리주의적인'),
(2785, 'calculation ', '계산'),
(2786, 'external ', '외적인'),
(2787, 'landscape ', '풍경'),
(2788, 'subject ', '실험대상물'),
(2789, 'plain ', '소박한단순한'),
(2790, 'atmospherics ', '분위기특질'),
(2791, 'interplay ', '상호작용'),
(2792, 'mist ', '연무옅은안개'),
(2793, 'transition ', '전환'),
(2794, 'fog bank ', '해안에끼는짙은안개'),
(2795, 'spotlight ', '스포트라이트로비추다'),
(2796, 'spectacular ', '멋진화려한장관의'),
(2797, 'spirits ', '기분'),
(2798, 'lift ', '기분이고조되다좋아지다'),
(2799, 'give way to ', '으로바뀌다[대체되다]'),
(2800, 'compelling ', '강렬한흥미돋우는'),
(2801, 'monsoon ', '계절풍계절풍에의한우기'),
(2802, 'inflow ', '유입'),
(2803, 'moist ', '습한'),
(2804, 'thunderstorm ', '뇌우'),
(2805, 'pirate ', '해적행위저작권침해자'),
(2806, 'potential ', '가능성잠재력'),
(2807, 'debug ', '결함[잘못]고치다'),
(2808, 'sophisticated ', '복잡한정교한'),
(2809, 'distribute ', '유통시키다분배하다'),
(2810, 'generate ', '발생시키다만들어내다'),
(2811, 'intellectual ', '지적인지능의'),
(2812, 'secure ', '확보획득하다'),
(2813, 'copyright ', '판권'),
(2814, 'patent ', '특허권'),
(2815, 'theft ', '절도도둑질'),
(2816, 'property ', '재산'),
(2817, 'content ', '함유량'),
(2818, 'capacity ', '용량능력'),
(2819, 'strategy ', '전략'),
(2820, 'afford ', '제공하다수여하다'),
(2821, 'constrain ', '제한하다'),
(2822, 'exception ', '예외'),
(2823, 'aquatic ', '물속에사는물의'),
(2824, 'adaptively ', '순응적으로조정하여'),
(2825, 'metabolic ', '대사작용의'),
(2826, 'compensate for ', '상쇄하다보완[보상]하다'),
(2827, 'pathway ', '경로'),
(2828, 'contribution ', '기여'),
(2829, 'incompatible with ', '양립할수없는'),
(2830, 'transportation ', '교통'),
(2831, 'decent ', '제대로된'),
(2832, 'deprive  of ', '박탈하다'),
(2833, 'overwhelm ', '압도하다'),
(2834, 'embrace ', '수용하다'),
(2835, 'obligation ', '의무'),
(2836, 'undermine ', '약화시키다손상시키다'),
(2837, 'norm ', '규범'),
(2838, 'independently of ', '관계없이'),
(2839, 'settle ', '주어야할돈정산하다지불하다'),
(2840, 'account ', '계좌외상거래'),
(2841, 'settle for ', '으로만족하다'),
(2842, 'in God\'s name ', '맹세코도대체'),
(2843, 'inclined ', '하고싶은마음이내키는'),
(2844, 'rule against ', '에불리한판결내리다'),
(2845, 'postponement ', '연기뒤로미루기'),
(2846, 'furiously ', '몹시화가나서'),
(2847, 'sackful ', '한자루가득한분량'),
(2848, 'sarcastically ', '비꼬는투로풍자적으로'),
(2849, 'be taken aback ', '깜짝놀라다'),
(2850, 'pursue ', '계속해서말하다추적하다');

--
-- Chỉ mục cho các bảng đã đổ
--

--
-- Chỉ mục cho bảng `tokenlogin`
--
ALTER TABLE `tokenlogin`
  ADD PRIMARY KEY (`id`),
  ADD KEY `user_id` (`user_id`);

--
-- Chỉ mục cho bảng `users`
--
ALTER TABLE `users`
  ADD PRIMARY KEY (`id`);

--
-- Chỉ mục cho bảng `voca_lever_1_1500_elimentary`
--
ALTER TABLE `voca_lever_1_1500_elimentary`
  ADD PRIMARY KEY (`stt`);

--
-- Chỉ mục cho bảng `voca_lever_2_1200_middle`
--
ALTER TABLE `voca_lever_2_1200_middle`
  ADD PRIMARY KEY (`stt`);

--
-- Chỉ mục cho bảng `voca_lever_3_2850_high`
--
ALTER TABLE `voca_lever_3_2850_high`
  ADD PRIMARY KEY (`stt`);

--
-- AUTO_INCREMENT cho các bảng đã đổ
--

--
-- AUTO_INCREMENT cho bảng `tokenlogin`
--
ALTER TABLE `tokenlogin`
  MODIFY `id` int(11) NOT NULL AUTO_INCREMENT, AUTO_INCREMENT=26;

--
-- AUTO_INCREMENT cho bảng `users`
--
ALTER TABLE `users`
  MODIFY `id` int(11) NOT NULL AUTO_INCREMENT, AUTO_INCREMENT=5;

--
-- AUTO_INCREMENT cho bảng `voca_lever_1_1500_elimentary`
--
ALTER TABLE `voca_lever_1_1500_elimentary`
  MODIFY `stt` int(11) NOT NULL AUTO_INCREMENT, AUTO_INCREMENT=1501;

--
-- AUTO_INCREMENT cho bảng `voca_lever_2_1200_middle`
--
ALTER TABLE `voca_lever_2_1200_middle`
  MODIFY `stt` int(11) NOT NULL AUTO_INCREMENT, AUTO_INCREMENT=1201;

--
-- AUTO_INCREMENT cho bảng `voca_lever_3_2850_high`
--
ALTER TABLE `voca_lever_3_2850_high`
  MODIFY `stt` int(11) NOT NULL AUTO_INCREMENT, AUTO_INCREMENT=2851;

--
-- Các ràng buộc cho các bảng đã đổ
--

--
-- Các ràng buộc cho bảng `tokenlogin`
--
ALTER TABLE `tokenlogin`
  ADD CONSTRAINT `tokenlogin_ibfk_1` FOREIGN KEY (`user_id`) REFERENCES `users` (`id`);
COMMIT;

/*!40101 SET CHARACTER_SET_CLIENT=@OLD_CHARACTER_SET_CLIENT */;
/*!40101 SET CHARACTER_SET_RESULTS=@OLD_CHARACTER_SET_RESULTS */;
/*!40101 SET COLLATION_CONNECTION=@OLD_COLLATION_CONNECTION */;
